county,2019,2020,2021
Alabama,43,288,46,179,49,769
Autauga,42,846,45,248,48,347
Baldwin,48,380,51,348,54,659
Barbour,34,870,37,120,40,428
Bibb,31,800,34,598,36,892
Blount,36,542,38,351,42,634
Bullock,27,192,30,429,33,267
Butler,39,254,41,151,46,050
Calhoun,36,869,39,546,42,621
Chambers,33,682,36,299,39,728
Cherokee,37,751,39,416,43,719
Chilton,36,195,38,551,41,748
Choctaw,38,651,41,413,44,241
Clarke,37,426,41,862,45,232
Clay,32,059,34,660,38,705
Cleburne,35,819,37,670,42,836
Coffee,43,164,45,466,49,196
Colbert,37,912,41,088,44,279
Conecuh,34,183,37,887,41,656
Coosa,33,311,35,542,38,275
Covington,35,472,37,777,41,458
Crenshaw,37,965,39,921,46,038
Cullman,40,047,41,925,46,061
Dale,37,574,40,032,43,916
Dallas,35,069,38,762,41,850
DeKalb,33,015,34,999,40,026
Elmore,42,234,44,683,47,381
Escambia,33,325,36,134,39,363
Etowah,37,407,39,795,42,558
Fayette,35,733,37,852,41,672
Franklin,34,382,37,151,40,810
Geneva,36,154,38,132,41,569
Greene,33,294,36,851,40,461
Hale,37,619,40,633,44,085
Henry,44,657,46,518,51,184
Houston,44,250,47,648,50,976
Jackson,37,180,39,664,43,565
Jefferson,55,052,58,053,62,371
Lamar,34,162,36,737,40,114
Lauderdale,38,681,41,778,44,804
Lawrence,35,643,38,225,42,996
Lee,39,355,41,760,45,002
Limestone,44,672,47,397,50,326
Lowndes,40,270,43,398,48,852
Macon,31,670,34,888,38,412
Madison,53,160,56,499,59,852
Marengo,39,394,43,596,47,008
Marion,33,714,36,927,40,939
Marshall,37,819,40,676,44,416
Mobile,39,453,42,837,46,418
Monroe,35,416,39,339,42,872
Montgomery,43,593,47,054,50,337
Morgan,40,831,44,204,47,479
Perry,32,885,37,160,40,414
Pickens,35,986,38,631,43,039
Pike,37,580,40,730,44,659
Randolph,35,044,36,845,41,750
Russell,33,141,35,878,39,378
St. Clair,41,418,43,673,47,117
Shelby,57,963,60,598,64,350
Sumter,32,079,35,200,38,253
Talladega,35,072,37,554,40,668
Tallapoosa,42,151,44,772,48,344
Tuscaloosa,37,898,40,463,43,439
Walker,41,267,43,568,47,239
Washington,38,414,41,642,45,956
Wilcox,33,078,36,742,39,354
Winston,35,599,38,472,41,700
Alaska,61,316,62,756,65,813
Aleutians East Borough,60,712,57,605,60,174
Aleutians West Census Area,60,610,63,509,65,812
Anchorage Municipality,67,317,68,815,72,032
Bethel Census Area,44,649,46,299,48,189
Bristol Bay Borough,136,337,138,387,155,155
Chugach Census Area2,(NA),64,386,70,362
Copper River Census Area2,(NA),52,522,55,378
Denali Borough,102,888,91,233,107,916
Dillingham Census Area,58,303,59,097,61,572
Fairbanks North Star Borough,59,011,61,856,65,314
Haines Borough,86,528,81,888,88,152
Hoonah-Angoon Census Area,59,560,56,226,60,837
Juneau City and Borough,71,082,72,097,75,996
Kenai Peninsula Borough,54,727,56,224,59,041
Ketchikan Gateway Borough,69,052,67,465,72,278
Kodiak Island Borough,63,483,67,027,69,546
Kusilvak Census Area,31,050,32,971,36,753
Lake and Peninsula Borough,59,313,60,602,67,539
Matanuska-Susitna Borough,50,459,52,335,54,207
Nome Census Area,52,541,54,275,58,882
North Slope Borough,80,223,75,612,73,320
Northwest Arctic Borough,48,691,50,076,52,915
Petersburg Borough,67,946,70,171,78,295
Prince of Wales-Hyder Census Area,49,876,51,123,53,266
Sitka City and Borough,70,715,69,752,75,917
Skagway Municipality,77,402,59,045,71,409
Southeast Fairbanks Census Area,51,956,54,513,58,988
Valdez-Cordova Census Area2,59,676,(NA),(NA)
Wrangell City and Borough,55,603,56,609,61,327
Yakutat City and Borough,62,179,61,346,66,375
Yukon-Koyukuk Census Area,56,750,58,903,63,452
Arizona,48,124,52,327,55,487
Apache,36,803,42,196,45,671
Cochise,41,557,46,909,49,096
Coconino,49,454,54,008,56,914
Gila,41,033,45,429,48,752
Graham,32,018,35,987,38,785
Greenlee,40,517,43,150,48,079
La Paz,43,174,46,286,49,933
Maricopa,52,032,56,255,59,759
Mohave,35,647,38,717,41,331
Navajo,33,756,38,524,41,680
Pima,45,996,50,131,52,942
Pinal,37,402,40,979,43,793
Santa Cruz,38,555,43,734,46,828
Yavapai,43,306,47,203,49,060
Yuma,37,624,42,732,44,299
Arkansas,44,324,47,154,50,625
Arkansas,46,906,52,609,56,733
Ashley,38,172,40,395,42,844
Baxter,38,535,40,968,43,479
Benton,86,848,86,938,91,687
Boone,36,495,38,988,42,642
Bradley,39,690,42,740,46,734
Calhoun,38,581,42,102,45,401
Carroll,32,829,34,896,40,689
Chicot,38,030,44,738,47,402
Clark,38,155,41,306,42,664
Clay,34,905,39,772,42,999
Cleburne,39,597,42,579,45,289
Cleveland,41,536,42,714,49,569
Columbia,38,169,40,526,42,785
Conway,38,985,41,696,46,412
Craighead,38,810,42,024,45,160
Crawford,35,445,37,829,40,691
Crittenden,37,978,41,598,45,416
Cross,35,961,40,423,42,009
Dallas,39,012,42,465,46,261
Desha,38,458,45,111,48,464
Drew,38,788,42,476,45,391
Faulkner,40,546,43,322,45,841
Franklin,33,810,35,248,40,591
Fulton,29,034,32,621,34,900
Garland,41,510,44,472,46,897
Grant,40,384,43,237,46,161
Greene,35,811,39,258,41,633
Hempstead,33,624,35,784,41,269
Hot Spring,32,211,34,907,37,474
Howard,34,864,35,669,42,224
Independence,36,060,38,631,42,120
Izard,30,885,33,061,34,986
Jackson,37,858,42,541,42,871
Jefferson,34,843,38,571,42,076
Johnson,29,625,31,779,35,577
Lafayette,37,184,40,154,47,355
Lawrence,34,286,39,170,40,161
Lee,30,106,34,169,37,128
Lincoln,27,391,29,548,33,387
Little River,34,511,37,360,40,794
Logan,33,216,35,348,39,622
Lonoke,40,743,43,681,46,388
Madison,34,040,34,782,40,884
Marion,31,484,33,925,36,684
Miller,35,023,37,832,40,319
Mississippi,35,086,38,264,42,273
Monroe,33,835,40,187,41,783
Montgomery,31,575,34,374,37,039
Nevada,33,332,35,106,39,041
Newton,32,564,35,371,38,629
Ouachita,39,340,42,742,46,428
Perry,37,206,39,715,43,793
Phillips,35,443,41,005,45,497
Pike,33,089,34,971,40,806
Poinsett,34,645,38,591,41,551
Polk,31,293,33,816,38,178
Pope,36,057,37,465,40,937
Prairie,35,328,42,026,43,835
Pulaski,52,047,55,423,58,583
Randolph,33,346,36,205,39,491
St. Francis,30,215,33,394,36,761
Saline,43,696,46,269,49,031
Scott,32,039,33,703,38,790
Searcy,28,574,31,731,34,335
Sebastian,43,368,45,505,48,556
Sevier,33,325,35,030,41,322
Sharp,34,817,36,583,41,025
Stone,31,554,33,395,37,002
Union,45,295,47,422,50,787
Van Buren,32,935,35,870,38,783
Washington,41,081,44,261,47,836
White,37,253,39,958,42,743
Woodruff,38,049,46,730,49,050
Yell,34,694,35,573,41,750
California,64,919,70,647,76,614
Alameda,80,623,88,841,99,746
Alpine,80,225,75,220,72,734
Amador,44,121,47,790,49,752
Butte,46,174,51,402,54,694
Calaveras,50,310,55,355,57,726
Colusa,45,180,55,498,54,511
Contra Costa,81,782,88,910,99,312
Del Norte,36,860,41,309,43,951
El Dorado,69,408,74,679,78,525
Fresno,42,987,48,312,51,422
Glenn,43,581,49,454,50,626
Humboldt,46,285,50,693,53,607
Imperial,37,904,45,021,47,653
Inyo,58,351,60,124,62,090
Kern,39,477,44,063,45,961
Kings,36,599,41,397,43,176
Lake,40,457,44,403,46,918
Lassen,33,092,37,634,39,394
Los Angeles,63,252,68,541,74,141
Madera,39,388,44,072,45,757
Marin,139,891,148,419,164,118
Mariposa,54,375,57,964,61,343
Mendocino,48,013,53,087,56,047
Merced,38,626,43,980,46,580
Modoc,46,245,52,459,54,301
Mono,55,369,61,649,64,164
Monterey,56,313,61,105,63,449
Napa,74,379,82,643,90,608
Nevada,61,358,65,652,68,973
Orange,70,539,75,737,81,034
Placer,68,351,73,261,76,849
Plumas,50,296,54,185,57,193
Riverside,43,295,47,702,51,180
Sacramento,53,005,57,991,61,829
San Benito,54,370,61,564,68,868
San Bernardino,41,253,45,499,49,493
San Diego,62,533,67,830,72,637
San Francisco,130,464,141,134,160,749
San Joaquin,45,547,51,766,57,783
San Luis Obispo,59,806,63,652,66,617
San Mateo,131,180,142,264,160,485
Santa Barbara,63,586,69,457,73,995
Santa Clara,113,693,122,785,138,724
Santa Cruz,70,129,77,181,85,554
Shasta,46,113,51,514,54,972
Sierra,41,365,44,542,47,135
Siskiyou,43,951,49,420,52,368
Solano,51,819,58,406,65,448
Sonoma,66,715,73,526,81,006
Stanislaus,43,729,49,128,52,356
Sutter,44,212,49,710,53,017
Tehama,40,437,45,064,48,042
Trinity,32,079,34,293,36,906
Tulare,40,061,45,556,47,986
Tuolumne,46,104,49,622,52,306
Ventura,63,833,68,647,73,375
Yolo,55,724,60,918,64,468
Yuba,41,443,45,806,48,984
Colorado,62,124,65,358,70,706
Adams,45,266,48,606,53,183
Alamosa,38,025,41,152,44,507
Arapahoe,65,322,68,630,74,267
Archuleta,46,973,50,527,52,312
Baca,39,990,46,142,52,905
Bent,27,231,29,796,32,716
Boulder,79,698,83,173,89,593
Broomfield,67,287,66,999,73,678
Chaffee,53,607,56,878,60,550
Cheyenne,54,006,47,755,76,057
Clear Creek,66,439,70,828,77,242
Conejos,38,179,41,346,45,961
Costilla,37,326,39,705,43,239
Crowley,19,286,21,480,24,314
Custer,46,705,49,704,51,271
Delta,38,727,43,409,46,042
Denver,86,539,89,736,99,133
Dolores,35,024,36,479,39,481
Douglas,77,986,81,637,87,841
Eagle,84,648,91,432,97,255
Elbert,63,234,65,896,70,961
El Paso,51,015,54,712,58,627
Fremont,35,147,38,325,41,017
Garfield,59,183,62,296,67,123
Gilpin,53,743,59,027,63,971
Grand,54,819,58,265,62,267
Gunnison,51,935,56,168,59,514
Hinsdale,50,952,52,257,56,524
Huerfano,41,653,45,781,48,801
Jackson,54,569,58,270,62,823
Jefferson,66,571,69,118,74,822
Kiowa,52,817,53,903,75,006
Kit Carson,42,172,42,436,52,253
Lake,40,328,44,537,48,942
La Plata,60,274,63,179,66,944
Larimer,56,851,60,219,64,258
Las Animas,38,055,42,016,44,731
Lincoln,29,608,32,951,37,623
Logan,43,230,44,239,48,330
Mesa,46,318,48,884,52,121
Mineral,66,224,67,967,70,250
Moffat,41,744,45,652,49,227
Montezuma,44,060,46,887,50,960
Montrose,43,187,46,747,50,789
Morgan,44,756,47,366,52,069
Otero,36,070,39,281,42,752
Ouray,67,967,72,871,76,727
Park,49,865,53,092,57,127
Phillips,42,230,44,065,50,382
Pitkin,183,241,187,595,198,939
Prowers,39,677,41,752,46,073
Pueblo,39,857,43,513,46,927
Rio Blanco,47,144,50,197,54,745
Rio Grande,47,729,52,047,57,350
Routt,88,318,94,626,98,371
Saguache,37,140,38,688,43,959
San Juan,49,887,53,827,58,067
San Miguel,95,927,101,654,109,613
Sedgwick,42,382,41,472,51,705
Summit,76,517,81,157,86,390
Teller,54,000,57,928,61,966
Washington,39,264,41,064,48,270
Weld,50,117,52,354,56,553
Yuma,44,269,41,615,48,898
Connecticut,75,533,78,463,83,294
Fairfield,116,996,119,366,127,391
Hartford,64,283,67,205,70,168
Litchfield,65,789,69,700,74,852
Middlesex,68,546,71,602,74,453
New Haven,56,888,60,128,64,643
New London,58,362,61,222,63,877
Tolland,57,947,60,819,63,722
Windham,47,872,51,376,55,261
Delaware,54,217,56,324,59,931
Kent,44,490,46,542,50,432
New Castle,56,930,59,303,63,189
Sussex,55,124,56,669,59,472
District of Columbia,84,671,89,735,96,477
Florida,54,560,57,292,62,270
Alachua,45,870,48,858,52,367
Baker,35,058,37,403,40,735
Bay,46,452,50,394,53,980
Bradford,34,515,36,956,39,748
Brevard,48,725,51,769,55,477
Broward,54,387,57,878,64,453
Calhoun,30,016,33,042,35,792
Charlotte,46,707,49,052,51,677
Citrus,39,985,42,292,45,050
Clay,45,319,48,070,51,885
Collier,110,272,112,479,117,984
Columbia,37,206,39,839,43,184
DeSoto,28,389,30,286,32,873
Dixie,29,496,32,064,33,813
Duval,47,097,50,307,54,354
Escambia,44,739,47,837,51,808
Flagler,50,695,52,613,56,336
Franklin,36,528,38,995,41,878
Gadsden,37,238,40,463,44,832
Gilchrist,36,618,39,046,41,769
Glades,28,683,31,398,33,401
Gulf,43,025,45,709,49,250
Hamilton,27,604,29,767,32,123
Hardee,29,812,32,358,35,636
Hendry,34,352,37,672,39,699
Hernando,39,733,42,585,46,080
Highlands,36,309,39,163,41,568
Hillsborough,50,058,53,432,58,140
Holmes,32,243,34,564,37,381
Indian River,86,856,89,294,95,109
Jackson,34,518,36,810,39,322
Jefferson,43,672,45,771,50,197
Lafayette,27,405,29,032,31,218
Lake,43,878,45,880,49,831
Lee,56,549,59,300,62,885
Leon,46,842,49,821,54,277
Levy,37,460,40,271,43,272
Liberty,26,830,29,988,32,872
Madison,33,602,36,338,39,165
Manatee,53,269,55,550,59,152
Marion,39,153,41,960,45,152
Martin,92,323,95,026,102,273
Miami-Dade,56,137,57,713,64,849
Monroe,98,415,99,764,109,136
Nassau,63,408,66,227,70,010
Okaloosa,51,512,54,934,59,384
Okeechobee,33,555,35,985,39,747
Orange,46,649,49,597,54,979
Osceola,36,498,39,421,43,354
Palm Beach,89,254,92,773,100,627
Pasco,43,822,46,696,50,479
Pinellas,57,635,60,996,65,936
Polk,38,196,40,970,43,556
Putnam,34,224,37,129,40,376
St. Johns,74,335,76,387,80,062
St. Lucie,43,308,45,760,50,038
Santa Rosa,47,484,50,016,53,778
Sarasota,72,499,75,070,78,815
Seminole,50,950,52,916,58,539
Sumter,59,209,60,900,64,282
Suwannee,34,336,36,672,39,039
Taylor,30,671,33,070,35,156
Union,21,387,23,094,25,293
Volusia,46,612,48,620,52,964
Wakulla,39,253,41,625,45,669
Walton,72,175,74,926,78,714
Washington,31,302,33,656,36,331
Georgia,49,083,51,987,55,786
Appling,35,398,38,878,41,863
Atkinson,30,314,32,402,35,527
Bacon,32,699,37,802,39,471
Baker,41,675,45,195,51,216
Baldwin,34,954,37,833,40,542
Banks,38,328,40,087,43,766
Barrow,38,623,41,378,44,534
Bartow,40,386,43,775,47,162
Ben Hill,31,711,35,427,38,640
Berrien,34,454,37,305,39,945
Bibb,40,356,43,592,46,781
Bleckley,35,755,38,355,41,298
Brantley,29,129,32,549,35,435
Brooks,35,010,38,394,40,982
Bryan,49,390,51,580,54,772
Bulloch,33,054,35,618,37,901
Burke,36,082,39,207,41,870
Butts,35,569,38,057,41,657
Calhoun,28,906,31,898,34,306
Camden,37,169,39,729,42,945
Candler,34,174,37,183,40,988
Carroll,40,663,44,014,47,002
Catoosa,36,389,39,530,42,448
Charlton,26,630,29,062,30,916
Chatham,47,724,51,482,54,586
Chattahoochee,32,636,36,007,39,690
Chattooga,31,192,33,948,36,833
Cherokee,53,954,56,552,60,235
Clarke,35,408,38,188,40,672
Clay,33,969,38,731,40,439
Clayton,28,280,32,446,36,056
Clinch,37,877,40,601,42,450
Cobb,60,261,63,105,67,616
Coffee,32,872,35,690,40,209
Colquitt,33,677,37,233,40,678
Columbia,53,105,55,920,58,242
Cook,33,537,36,344,39,380
Coweta,50,529,53,894,57,721
Crawford,35,090,37,733,41,063
Crisp,37,640,41,308,45,951
Dade,35,111,37,634,40,579
Dawson,48,887,50,904,53,996
Decatur,34,174,37,395,41,331
DeKalb,53,152,57,129,61,861
Dodge,31,895,34,346,37,268
Dooly,37,552,40,132,43,689
Dougherty,36,587,40,942,44,575
Douglas,37,339,41,066,44,779
Early,36,938,40,192,43,650
Echols,30,257,34,554,36,062
Effingham,42,320,44,887,48,212
Elbert,35,196,37,588,41,104
Emanuel,33,649,37,982,40,614
Evans,33,693,36,770,39,404
Fannin,40,680,43,024,46,163
Fayette,65,794,68,463,73,202
Floyd,39,008,41,411,44,803
Forsyth,66,644,68,985,73,337
Franklin,34,939,35,255,39,616
Fulton,95,148,95,825,102,074
Gilmer,37,263,38,886,42,351
Glascock,35,630,38,061,42,716
Glynn,48,693,52,149,55,351
Gordon,36,576,38,445,42,281
Grady,33,245,35,214,39,020
Greene,62,615,63,335,67,417
Gwinnett,43,158,46,705,50,256
Habersham,35,211,36,989,39,304
Hall,47,263,49,925,53,920
Hancock,30,507,32,961,35,778
Haralson,38,370,40,611,44,003
Harris,50,679,52,889,56,595
Hart,39,262,40,960,43,900
Heard,33,872,36,081,39,769
Henry,39,910,43,389,46,961
Houston,43,165,45,536,48,929
Irwin,34,392,37,925,40,963
Jackson,43,894,45,903,49,063
Jasper,39,331,41,228,44,317
Jeff Davis,32,980,35,826,38,122
Jefferson,34,020,38,396,43,720
Jenkins,30,946,34,673,36,886
Johnson,27,166,30,333,33,265
Jones,39,009,41,573,44,704
Lamar,35,752,38,669,41,856
Lanier,30,792,33,643,36,086
Laurens,36,805,40,198,43,532
Lee,43,869,47,008,50,409
Liberty,35,581,38,518,41,672
Lincoln,40,638,43,594,46,087
Long,33,714,36,566,38,480
Lowndes,38,070,41,037,43,546
Lumpkin,39,977,42,280,44,843
McDuffie,37,325,40,949,43,362
McIntosh,40,536,44,683,47,287
Macon,33,395,35,669,39,164
Madison,38,459,39,298,43,445
Marion,32,765,35,290,39,075
Meriwether,37,093,40,855,44,305
Miller,43,901,46,907,50,213
Mitchell,36,055,39,267,42,397
Monroe,47,038,49,781,52,718
Montgomery,31,503,35,598,37,935
Morgan,51,582,53,835,57,857
Murray,31,274,34,039,37,264
Muscogee,42,149,45,144,49,091
Newton,35,126,38,449,42,056
Oconee,70,400,72,145,76,403
Oglethorpe,38,746,39,427,43,517
Paulding,40,700,43,662,47,381
Peach,38,358,41,231,43,641
Pickens,49,335,51,623,55,398
Pierce,36,776,39,454,41,882
Pike,42,398,44,985,48,643
Polk,33,504,36,171,39,578
Pulaski,34,834,37,589,40,100
Putnam,45,971,49,574,53,019
Quitman,33,132,36,692,38,398
Rabun,43,631,47,292,50,488
Randolph,35,494,39,892,43,049
Richmond,38,085,41,051,43,429
Rockdale,35,602,39,358,43,042
Schley,37,443,39,972,43,917
Screven,34,667,37,736,40,137
Seminole,40,964,44,322,46,274
Spalding,35,829,39,157,43,098
Stephens,36,315,38,905,41,822
Stewart,27,980,31,652,32,844
Sumter,36,889,39,790,43,130
Talbot,37,464,42,057,45,385
Taliaferro,36,707,36,369,41,494
Tattnall,31,135,32,553,35,616
Taylor,33,163,34,501,39,030
Telfair,25,575,28,241,30,573
Terrell,39,352,42,819,47,258
Thomas,44,358,48,175,52,349
Tift,37,892,41,415,44,913
Toombs,35,389,39,359,42,075
Towns,40,709,43,802,45,939
Treutlen,31,609,34,542,38,090
Troup,37,690,41,915,45,441
Turner,32,210,34,612,38,250
Twiggs,39,395,41,800,44,235
Union,40,040,42,125,44,163
Upson,35,635,38,329,42,364
Walker,35,186,37,697,40,744
Walton,43,227,45,718,49,062
Ware,33,254,36,269,38,862
Warren,36,081,40,022,42,377
Washington,35,531,39,048,42,068
Wayne,32,370,34,619,37,997
Webster,38,238,41,223,43,682
Wheeler,19,726,22,227,24,241
White,40,768,43,695,46,899
Whitfield,40,991,44,590,47,545
Wilcox,27,763,28,996,32,288
Wilkes,42,207,42,864,48,806
Wilkinson,36,071,40,069,42,625
Worth,34,947,38,024,41,431
Hawaii,54,700,57,241,60,947
Hawaii,43,585,47,068,50,038
Honolulu,57,560,60,114,63,912
Kauai,50,670,53,608,56,103
Maui + Kalawao,52,301,53,586,58,520
Idaho,45,924,49,491,52,369
Ada,54,866,58,976,62,610
Adams,40,107,42,496,44,261
Bannock,39,307,42,596,45,443
Bear Lake,40,547,43,776,45,385
Benewah,38,912,42,238,43,922
Bingham,37,355,41,008,42,774
Blaine,122,878,127,990,134,722
Boise,47,045,50,581,53,198
Bonner,44,003,47,782,49,868
Bonneville,50,865,55,037,58,430
Boundary,38,708,41,509,44,200
Butte,44,864,49,413,48,844
Camas,54,184,59,629,62,248
Canyon,35,791,39,017,41,980
Caribou,43,080,47,824,47,740
Cassia,45,152,48,220,47,780
Clark,44,539,48,687,47,973
Clearwater,36,261,39,465,41,834
Custer,43,419,47,771,48,619
Elmore,37,417,39,343,41,884
Franklin,36,323,40,038,43,472
Fremont (includes Yellowstone National Park),37,647,40,827,42,503
Gem,39,541,42,252,45,441
Gooding,59,278,63,489,63,847
Idaho,35,784,39,404,41,484
Jefferson,37,847,39,949,42,307
Jerome,38,333,41,646,42,356
Kootenai,47,745,51,109,54,406
Latah,44,601,47,859,50,703
Lemhi,43,898,48,508,50,927
Lewis,53,580,59,260,62,533
Lincoln,40,523,42,555,42,718
Madison,22,650,24,244,25,648
Minidoka,39,944,43,848,45,273
Nez Perce,44,537,48,279,50,993
Oneida,38,402,42,200,44,887
Owyhee,39,174,41,985,43,713
Payette,40,739,43,076,45,796
Power,40,640,44,237,43,031
Shoshone,36,449,41,787,45,434
Teton,45,088,47,705,53,564
Twin Falls,40,339,43,429,45,627
Valley,51,861,55,295,57,895
Washington,36,859,40,441,41,119
Illinois,58,438,62,139,67,244
Adams,47,040,51,072,55,254
Alexander,39,870,47,088,51,974
Bond,37,518,40,863,44,653
Boone,47,814,50,785,54,496
Brown,38,185,42,396,44,740
Bureau,41,467,45,938,51,269
Calhoun,44,902,49,809,55,240
Carroll,40,903,45,742,49,976
Cass,38,418,44,095,48,959
Champaign,46,769,50,839,54,638
Christian,40,055,44,393,48,831
Clark,42,370,45,708,51,307
Clay,39,303,43,835,49,656
Clinton,49,198,52,677,56,536
Coles,44,884,49,333,53,596
Cook,63,971,67,558,73,557
Crawford,46,454,49,604,52,318
Cumberland,74,063,78,347,84,035
DeKalb,43,643,47,312,51,571
De Witt,46,173,52,177,57,473
Douglas,50,063,54,821,60,587
DuPage,76,075,79,901,85,498
Edgar,41,888,48,317,54,641
Edwards,41,882,46,220,51,628
Effingham,50,578,55,724,61,218
Fayette,36,224,40,215,44,763
Ford,50,124,56,396,62,180
Franklin,38,161,42,023,45,473
Fulton,38,671,42,623,46,395
Gallatin,41,067,45,909,53,962
Greene,38,757,44,275,51,356
Grundy,58,763,59,913,65,839
Hamilton,43,440,48,156,53,814
Hancock,44,091,50,006,55,095
Hardin,39,129,43,237,46,724
Henderson,41,244,47,473,54,766
Henry,45,785,50,273,54,747
Iroquois,44,055,50,377,56,185
Jackson,39,719,43,023,46,443
Jasper,42,118,48,543,54,032
Jefferson,40,279,44,355,48,057
Jersey,43,093,47,107,50,874
Jo Daviess,47,991,52,229,56,428
Johnson,34,768,37,515,40,166
Kane,54,489,58,186,62,837
Kankakee,43,515,47,846,53,165
Kendall,51,048,53,941,58,848
Knox,39,116,43,913,47,985
Lake,79,993,83,141,89,025
LaSalle,44,823,48,460,53,033
Lawrence,31,181,35,950,40,385
Lee,42,295,46,704,51,124
Livingston,45,392,52,002,57,213
Logan,37,877,42,169,47,074
McDonough,40,509,44,477,48,261
McHenry,56,744,59,737,64,119
McLean,50,152,55,203,58,503
Macon,47,492,51,804,56,548
Macoupin,41,774,45,687,49,950
Madison,48,409,51,846,55,538
Marion,42,172,46,572,50,107
Marshall,44,084,49,305,54,239
Mason,41,671,47,241,53,655
Massac,38,294,42,411,46,618
Menard,46,275,50,478,55,848
Mercer,45,401,51,623,57,676
Monroe,58,859,61,273,65,224
Montgomery,35,749,39,594,43,358
Morgan,41,094,45,084,49,678
Moultrie,68,254,69,993,76,100
Ogle,45,804,48,779,53,050
Peoria,50,204,54,337,57,439
Perry,37,650,41,138,43,777
Piatt,52,688,57,821,63,905
Pike,42,460,49,038,54,377
Pope,32,333,37,027,39,435
Pulaski,38,088,43,077,48,561
Putnam,64,855,66,005,74,073
Randolph,39,538,43,472,46,251
Richland,41,322,45,501,49,491
Rock Island,44,142,47,999,51,429
St. Clair,46,492,50,387,54,185
Saline,39,674,43,234,47,402
Sangamon,49,465,53,056,57,206
Schuyler,43,341,48,279,51,383
Scott,40,420,46,038,52,741
Shelby,42,023,46,683,51,977
Stark,41,033,48,612,56,551
Stephenson,43,040,46,579,50,815
Tazewell,48,427,52,046,54,768
Union,41,799,46,260,49,595
Vermilion,40,054,44,975,49,265
Wabash,43,157,47,397,51,743
Warren,40,380,46,032,52,506
Washington,48,833,53,581,58,419
Wayne,39,153,43,465,48,754
White,47,588,50,024,55,372
Whiteside,43,859,48,391,52,341
Will,54,695,57,813,62,272
Williamson,45,632,48,962,52,329
Winnebago,43,550,47,062,50,510
Woodford,52,324,56,401,60,004
Indiana,48,749,52,219,56,497
Adams,40,009,42,799,47,209
Allen,47,398,50,640,54,681
Bartholomew,54,102,57,535,61,136
Benton,41,626,47,708,53,602
Blackford,37,571,40,164,44,325
Boone,77,754,80,234,84,985
Brown,48,886,51,632,55,345
Carroll,43,495,47,182,51,293
Cass,39,944,43,741,47,854
Clark,45,333,48,359,51,887
Clay,37,716,41,155,44,878
Clinton,38,411,41,545,45,305
Crawford,35,150,38,485,41,854
Daviess,43,822,48,845,53,008
Dearborn,49,254,52,083,55,782
Decatur,45,351,49,285,53,393
DeKalb,45,923,48,731,51,961
Delaware,38,762,42,000,45,325
Dubois,54,920,58,283,60,954
Elkhart,45,873,49,321,55,007
Fayette,40,402,43,818,47,588
Floyd,55,680,58,165,62,578
Fountain,40,485,44,585,48,583
Franklin,47,166,50,978,54,451
Fulton,42,021,45,545,49,205
Gibson,46,659,50,211,53,562
Grant,39,179,42,730,46,892
Greene,42,766,46,273,50,131
Hamilton,78,231,81,233,85,814
Hancock,51,936,54,658,58,095
Harrison,44,710,47,866,51,770
Hendricks,51,087,54,712,59,804
Henry,39,075,42,443,46,146
Howard,41,863,44,266,47,031
Huntington,42,151,45,486,49,571
Jackson,42,316,45,605,49,451
Jasper,45,885,50,378,55,018
Jay,37,476,42,428,49,300
Jefferson,43,626,47,176,50,734
Jennings,41,278,44,993,49,519
Johnson,50,351,53,112,56,808
Knox,45,022,49,308,53,525
Kosciusko,48,562,51,892,55,625
Lagrange,41,365,44,238,49,767
Lake,45,470,48,523,53,181
LaPorte,42,076,45,323,49,508
Lawrence,43,253,47,040,51,160
Madison,39,056,42,185,45,755
Marion,55,588,60,608,65,625
Marshall,42,506,46,031,51,474
Martin,40,765,45,326,49,082
Miami,34,864,37,084,40,179
Monroe,46,097,48,974,52,392
Montgomery,40,969,44,618,48,866
Morgan,44,963,47,662,51,539
Newton,41,129,45,837,51,905
Noble,41,110,44,250,48,060
Ohio,41,348,47,762,51,321
Orange,37,776,40,516,43,422
Owen,41,009,44,533,48,681
Parke,39,311,44,103,48,252
Perry,37,609,39,290,42,358
Pike,42,008,45,073,47,977
Porter,54,443,56,975,61,250
Posey,51,402,55,295,59,105
Pulaski,44,616,49,878,54,133
Putnam,39,329,42,380,45,681
Randolph,38,553,43,349,49,116
Ripley,42,128,45,942,49,158
Rush,45,821,49,214,54,210
St. Joseph,47,847,50,612,56,122
Scott,37,960,40,916,44,678
Shelby,44,467,47,828,52,065
Spencer,46,564,48,915,52,615
Starke,34,983,38,297,42,083
Steuben,45,775,48,787,52,244
Sullivan,36,116,39,300,43,091
Switzerland,35,385,39,226,42,481
Tippecanoe,41,299,43,243,45,950
Tipton,45,677,48,982,51,881
Union,39,262,43,019,47,359
Vanderburgh,47,942,51,565,55,099
Vermillion,37,909,41,723,45,487
Vigo,39,159,42,511,45,767
Wabash,42,830,46,803,51,300
Warren,42,880,48,047,52,196
Warrick,59,014,61,250,64,880
Washington,39,427,43,081,47,858
Wayne,41,867,45,140,48,785
Wells,42,667,45,661,49,953
White,43,407,47,617,51,422
Whitley,47,331,50,179,53,969
Iowa,50,367,53,312,57,163
Adair,49,947,54,324,61,765
Adams,56,104,53,550,62,223
Allamakee,47,182,49,538,53,807
Appanoose,39,600,43,053,46,396
Audubon,50,982,53,279,62,773
Benton,54,238,57,560,63,072
Black Hawk,45,649,48,983,51,911
Boone,48,103,51,104,54,521
Bremer,50,742,54,062,57,876
Buchanan,49,864,52,527,57,200
Buena Vista,42,807,45,550,49,006
Butler,46,956,49,855,57,604
Calhoun,47,897,50,233,57,289
Carroll,52,526,54,851,60,290
Cass,47,870,50,517,55,056
Cedar,54,246,56,933,63,197
Cerro Gordo,50,012,53,478,56,955
Cherokee,55,059,56,063,61,661
Chickasaw,55,454,58,687,64,737
Clarke,39,227,42,923,45,292
Clay,50,798,54,344,59,187
Clayton,51,664,55,732,59,656
Clinton,45,194,48,420,52,308
Crawford,43,143,45,659,51,690
Dallas,67,860,70,341,73,673
Davis,39,716,41,318,44,337
Decatur,35,998,38,817,42,171
Delaware,49,412,52,538,57,097
Des Moines,50,450,53,254,56,425
Dickinson,61,429,63,560,69,628
Dubuque,50,370,53,684,56,782
Emmet,44,863,45,761,51,890
Fayette,44,047,47,074,51,226
Floyd,47,223,49,861,56,044
Franklin,47,999,50,950,59,466
Fremont,49,423,53,171,59,090
Greene,48,302,52,189,58,799
Grundy,51,873,55,698,62,531
Guthrie,52,384,57,366,63,098
Hamilton,51,007,50,276,58,126
Hancock,51,271,52,914,61,201
Hardin,48,055,49,955,56,678
Harrison,46,305,48,857,55,468
Henry,42,438,45,033,49,117
Howard,47,764,51,067,58,411
Humboldt,49,608,51,870,56,985
Ida,51,541,57,586,65,824
Iowa,53,104,56,741,62,485
Jackson,45,647,49,345,53,777
Jasper,43,206,46,341,50,190
Jefferson,47,875,50,955,55,900
Johnson,54,734,57,009,59,592
Jones,45,074,48,104,51,576
Keokuk,45,012,48,468,52,878
Kossuth,50,626,52,736,60,595
Lee,42,384,45,316,48,394
Linn,53,212,56,373,59,294
Louisa,43,840,45,420,50,885
Lucas,41,923,44,451,47,774
Lyon,56,964,56,596,61,551
Madison,50,472,53,555,57,263
Mahaska,43,318,45,828,49,933
Marion,50,249,53,316,56,989
Marshall,43,213,47,059,50,776
Mills,59,887,61,481,66,042
Mitchell,63,627,58,720,63,605
Monona,46,043,49,494,57,720
Monroe,46,202,49,319,52,821
Montgomery,41,310,44,375,48,436
Muscatine,48,011,50,326,53,861
O'Brien,53,495,55,875,61,882
Osceola,48,717,48,976,55,063
Page,42,502,47,231,52,069
Palo Alto,51,403,49,216,56,973
Plymouth,55,352,56,761,63,214
Pocahontas,51,094,49,941,57,640
Polk,54,144,57,947,60,799
Pottawattamie,45,147,47,935,51,370
Poweshiek,45,330,49,442,53,996
Ringgold,48,483,51,565,57,317
Sac,57,210,56,444,65,620
Scott,54,281,57,360,60,349
Shelby,51,643,54,408,61,414
Sioux,52,420,54,716,57,558
Story,43,682,45,618,47,923
Tama,45,708,51,211,58,311
Taylor,43,591,46,861,54,870
Union,41,442,43,838,48,291
Van Buren,40,622,42,312,47,655
Wapello,39,029,42,551,44,912
Warren,52,136,54,617,57,847
Washington,60,809,59,627,65,299
Wayne,42,092,45,248,50,859
Webster,45,717,47,734,51,331
Winnebago,41,580,44,867,50,769
Winneshiek,50,096,54,556,58,872
Woodbury,43,943,46,975,50,607
Worth,41,759,45,956,53,342
Wright,47,573,48,666,56,543
Kansas,52,876,55,974,58,924
Allen,42,470,45,635,49,326
Anderson,39,916,45,567,52,810
Atchison,38,631,42,396,44,710
Barber,44,905,51,763,56,193
Barton,49,043,51,237,53,532
Bourbon,41,958,45,653,47,885
Brown,45,399,48,769,51,906
Butler,47,729,49,703,51,643
Chase,53,672,63,086,64,717
Chautauqua,39,345,42,504,45,394
Cherokee,42,630,48,048,51,492
Cheyenne,45,782,56,260,65,154
Clark,53,878,58,136,59,045
Clay,43,108,47,886,50,592
Cloud,38,962,44,057,47,195
Coffey,51,433,56,637,58,867
Comanche,41,773,48,194,54,928
Cowley,39,547,42,623,44,888
Crawford,39,049,42,668,45,046
Decatur,44,564,54,249,58,270
Dickinson,42,596,46,708,49,255
Doniphan,42,529,46,313,48,727
Douglas,46,612,49,290,51,703
Edwards,51,294,61,594,68,555
Elk,39,408,42,831,47,485
Ellis,46,980,50,491,53,348
Ellsworth,43,841,45,169,47,749
Finney,41,216,44,599,47,523
Ford,38,753,43,865,47,052
Franklin,43,532,46,307,49,652
Geary,46,393,48,695,52,135
Gove,55,480,63,850,69,011
Graham,49,894,55,636,62,383
Grant,41,606,43,389,43,192
Gray,59,155,64,323,64,859
Greeley,60,821,83,743,93,667
Greenwood,41,624,46,373,49,675
Hamilton,53,795,72,299,71,468
Harper,51,444,57,680,61,799
Harvey,44,381,47,580,49,642
Haskell,53,293,62,329,70,901
Hodgeman,55,828,65,216,67,659
Jackson,43,615,47,644,50,620
Jefferson,46,591,49,792,52,892
Jewell,48,311,56,799,60,881
Johnson,78,728,81,020,84,535
Kearny,50,533,60,667,65,779
Kingman,43,106,48,832,52,283
Kiowa,41,216,51,912,57,085
Labette,42,606,46,796,49,538
Lane,63,880,69,724,75,517
Leavenworth,44,445,46,742,49,330
Lincoln,46,040,54,756,56,308
Linn,41,329,45,515,48,383
Logan,48,342,58,592,63,461
Lyon,39,896,44,157,46,177
McPherson,52,871,55,947,57,951
Marion,42,134,46,843,49,005
Marshall,42,940,48,437,50,995
Meade,59,202,67,486,74,713
Miami,50,184,53,526,56,719
Mitchell,61,496,70,316,71,245
Montgomery,37,622,40,841,43,689
Morris,45,012,51,167,52,926
Morton,42,126,49,035,58,423
Nemaha,50,709,57,969,60,858
Neosho,40,964,44,751,47,902
Ness,54,381,60,791,66,087
Norton,41,323,48,656,51,714
Osage,42,907,47,130,50,353
Osborne,47,061,51,497,55,815
Ottawa,41,724,46,244,50,373
Pawnee,42,043,45,468,48,441
Phillips,54,479,59,484,64,720
Pottawatomie,53,487,57,035,59,324
Pratt,48,718,53,421,58,092
Rawlins,56,351,69,786,80,389
Reno,41,805,45,089,47,918
Republic,42,880,47,678,49,342
Rice,43,831,46,852,47,894
Riley,43,570,46,108,47,764
Rooks,39,050,45,289,49,795
Rush,51,318,59,414,62,819
Russell,46,055,49,781,53,679
Saline,51,219,53,147,56,258
Scott,52,615,58,451,60,794
Sedgwick,53,263,55,122,57,713
Seward,37,214,41,839,44,209
Shawnee,47,495,51,008,54,066
Sheridan,46,978,56,134,56,735
Sherman,41,364,48,809,52,785
Smith,46,726,56,231,58,450
Stafford,46,008,49,991,52,643
Stanton,69,728,85,360,94,353
Stevens,44,013,50,989,52,345
Sumner,41,457,45,362,48,658
Thomas,47,126,50,599,51,579
Trego,48,789,56,758,61,938
Wabaunsee,51,977,55,142,58,400
Wallace,51,437,59,431,61,727
Washington,45,422,52,942,54,905
Wichita,60,081,58,891,59,792
Wilson,41,246,45,110,47,962
Woodson,38,265,42,420,47,014
Wyandotte,33,693,36,422,39,143
Kentucky,43,875,47,525,51,266
Adair,33,442,37,409,41,385
Allen,34,703,37,077,40,682
Anderson,39,315,42,309,45,331
Ballard,41,576,45,690,50,888
Barren,37,317,40,241,43,678
Bath,30,954,34,299,37,710
Bell,32,028,37,095,41,763
Boone,50,245,53,445,56,759
Bourbon,49,887,51,145,55,087
Boyd,39,064,42,757,46,039
Boyle,39,831,43,226,46,181
Bracken,37,799,41,421,44,913
Breathitt,31,692,35,222,39,754
Breckinridge,35,521,39,121,42,724
Bullitt,43,527,46,834,50,169
Butler,35,840,39,306,43,937
Caldwell,35,646,40,176,44,963
Calloway,38,546,42,036,44,116
Campbell,51,621,55,115,58,701
Carlisle,43,968,46,005,52,638
Carroll,37,994,41,578,45,317
Carter,31,838,36,134,39,323
Casey,32,161,36,825,40,837
Christian,38,150,41,809,45,643
Clark,40,588,44,012,47,411
Clay,29,956,34,389,39,099
Clinton,34,470,39,474,44,613
Crittenden,36,023,39,704,43,616
Cumberland,39,701,46,156,51,001
Daviess,42,708,46,394,50,079
Edmonson,34,947,37,853,41,099
Elliott,23,319,27,154,29,572
Estill,32,896,36,458,40,235
Fayette,52,888,56,482,59,987
Fleming,34,269,38,609,41,490
Floyd,36,589,39,909,44,198
Franklin,43,203,46,755,49,985
Fulton,32,318,35,844,41,650
Gallatin,34,869,38,764,42,255
Garrard,36,992,40,329,43,418
Grant,38,185,41,934,45,039
Graves,39,257,42,632,47,933
Grayson,35,283,39,577,42,043
Green,35,209,39,385,42,768
Greenup,40,705,44,283,47,675
Hancock,39,821,42,781,46,528
Hardin,44,708,48,193,51,525
Harlan,30,406,34,304,39,123
Harrison,37,622,41,120,43,811
Hart,34,111,36,774,40,257
Henderson,41,157,45,247,49,580
Henry,41,062,44,800,48,943
Hickman,41,845,42,155,54,685
Hopkins,40,078,42,536,46,673
Jackson,30,843,34,343,38,055
Jefferson,53,360,57,290,61,474
Jessamine,48,173,51,543,55,040
Johnson,33,813,37,208,41,110
Kenton,58,804,63,533,67,808
Knott,32,172,36,448,41,185
Knox,30,709,35,312,39,901
Larue,37,766,41,291,45,069
Laurel,33,602,37,362,41,037
Lawrence,31,541,34,590,38,139
Lee,28,856,32,876,36,847
Leslie,31,744,35,932,40,852
Letcher,31,543,35,818,40,315
Lewis,32,115,36,513,40,075
Lincoln,33,872,37,441,40,880
Livingston,39,641,44,169,47,052
Logan,37,418,40,765,45,732
Lyon,35,856,39,460,41,762
McCracken,47,619,52,296,56,089
McCreary,26,951,31,370,35,811
McLean,39,711,41,707,50,679
Madison,36,997,40,275,42,808
Magoffin,34,157,39,470,43,913
Marion,37,396,40,610,43,909
Marshall,42,695,46,261,48,292
Martin,28,512,32,984,35,932
Mason,40,268,44,145,47,927
Meade,39,859,43,040,46,893
Menifee,33,644,37,592,41,028
Mercer,37,023,39,945,43,163
Metcalfe,31,241,34,628,38,284
Monroe,35,242,39,461,44,045
Montgomery,36,140,39,770,42,710
Morgan,27,348,30,732,33,208
Muhlenberg,34,740,37,023,40,634
Nelson,44,046,47,852,51,367
Nicholas,34,420,37,934,41,414
Ohio,33,468,36,448,41,201
Oldham,66,002,68,532,73,110
Owen,33,300,36,536,39,661
Owsley,33,966,39,487,45,731
Pendleton,45,918,46,909,51,933
Perry,35,367,39,558,44,108
Pike,35,348,39,062,42,691
Powell,30,680,34,947,37,993
Pulaski,38,839,42,524,46,607
Robertson,33,465,38,772,41,155
Rockcastle,33,647,37,428,41,290
Rowan,31,789,34,847,37,769
Russell,37,957,41,673,45,383
Scott,46,155,49,207,52,325
Shelby,48,177,51,798,55,471
Simpson,37,210,40,876,44,178
Spencer,47,187,50,240,53,915
Taylor,35,200,39,022,41,752
Todd,39,044,41,776,46,946
Trigg,40,074,43,726,47,026
Trimble,40,013,43,854,47,815
Union,38,529,43,417,49,499
Warren,38,686,41,516,43,812
Washington,38,865,42,401,45,807
Wayne,30,300,34,737,38,628
Webster,39,708,41,820,48,336
Whitley,34,631,38,398,42,266
Wolfe,33,886,39,286,45,286
Woodford,53,587,56,003,59,860
Louisiana,47,668,50,809,54,217
Acadia,39,740,43,800,45,805
Allen,38,723,41,335,42,949
Ascension,52,409,55,067,58,566
Assumption,50,156,52,452,56,352
Avoyelles,38,845,42,588,45,777
Beauregard,44,208,47,500,50,015
Bienville,39,088,42,743,46,442
Bossier,45,177,48,685,51,970
Caddo,49,516,53,120,57,420
Calcasieu,45,824,47,033,50,775
Caldwell,35,695,39,210,42,049
Cameron,57,177,58,059,63,384
Catahoula,35,868,40,839,43,386
Claiborne,37,546,40,076,43,953
Concordia,34,181,39,748,43,299
De Soto,44,449,47,201,51,447
East Baton Rouge,51,846,55,983,59,352
East Carroll,31,647,36,557,39,981
East Feliciana,41,686,44,155,47,562
Evangeline,34,441,39,226,42,109
Franklin,33,029,37,627,40,589
Grant,32,122,35,264,37,764
Iberia,40,679,43,961,47,594
Iberville,45,244,49,075,52,930
Jackson,35,609,39,074,43,272
Jefferson,51,166,54,927,58,284
Jefferson Davis,42,421,45,304,46,922
Lafayette,50,776,54,881,57,674
Lafourche,45,735,47,063,49,614
LaSalle,34,187,36,200,37,546
Lincoln,39,954,42,437,45,588
Livingston,43,706,45,974,48,854
Madison,34,545,41,229,44,828
Morehouse,37,252,41,664,44,860
Natchitoches,41,188,43,373,46,579
Orleans,54,357,58,233,62,249
Ouachita,40,088,43,726,46,804
Plaquemines,47,781,51,841,55,108
Pointe Coupee,50,714,54,571,58,807
Rapides,46,088,50,556,54,153
Red River,46,244,50,003,54,964
Richland,38,869,42,971,45,736
Sabine,38,645,41,254,45,105
St. Bernard,36,192,39,448,42,310
St. Charles,50,312,53,773,56,921
St. Helena,42,128,46,176,50,554
St. James,54,886,57,847,61,471
St. John the Baptist,41,980,45,407,49,045
St. Landry,41,829,45,734,49,358
St. Martin,39,827,43,012,46,248
St. Mary,41,049,45,507,49,034
St. Tammany,69,471,66,999,71,361
Tangipahoa,40,912,44,234,47,076
Tensas,41,300,46,399,50,669
Terrebonne,43,385,46,751,49,612
Union,42,278,45,030,49,647
Vermilion,41,032,43,670,46,494
Vernon,41,732,44,514,47,307
Washington,35,745,38,878,42,225
Webster,42,116,46,378,49,944
West Baton Rouge,48,301,51,864,54,404
West Carroll,34,982,41,431,43,241
West Feliciana,40,309,42,753,45,199
Winn,39,040,43,630,47,071
Maine,50,728,54,912,58,484
Androscoggin,42,075,46,144,49,766
Aroostook,42,725,47,070,49,883
Cumberland,64,975,69,624,73,972
Franklin,40,801,44,219,47,206
Hancock,53,152,56,977,60,105
Kennebec,46,421,50,530,53,658
Knox,53,097,56,532,59,420
Lincoln,52,586,55,972,59,613
Oxford,39,353,42,694,45,332
Penobscot,43,086,47,574,50,480
Piscataquis,40,332,45,711,48,987
Sagadahoc,52,027,56,312,59,843
Somerset,39,371,43,610,46,860
Waldo,44,788,48,538,51,757
Washington,42,051,46,891,49,280
York,54,335,58,085,62,355
Maryland,62,313,65,685,69,817
Allegany,41,720,45,070,47,347
Anne Arundel,68,225,72,003,76,059
Baltimore,61,459,65,502,69,561
Calvert,63,780,66,872,70,690
Caroline,46,197,48,287,53,549
Carroll,62,251,65,635,69,397
Cecil,49,070,51,681,55,293
Charles,56,518,60,334,63,939
Dorchester,46,221,49,363,54,075
Frederick,62,317,65,338,68,704
Garrett,46,295,49,772,53,008
Harford,59,333,62,868,66,633
Howard,78,013,82,041,86,380
Kent,59,791,63,494,67,648
Montgomery,86,039,87,507,92,740
Prince George's,47,269,51,300,54,916
Queen Anne's,68,447,71,470,75,811
St. Mary's,58,853,61,874,65,762
Somerset,31,463,33,037,37,395
Talbot,75,466,80,052,84,695
Washington,46,141,49,510,52,897
Wicomico,40,580,43,648,46,893
Worcester,57,078,60,440,63,811
Baltimore City,50,073,54,153,58,556
Massachusetts,73,213,78,388,83,653
Barnstable,74,107,79,136,83,191
Berkshire,56,861,61,586,65,050
Bristol,55,047,61,116,64,924
Dukes,79,853,81,631,86,341
Essex,68,305,73,101,78,093
Franklin,56,241,60,297,63,366
Hampden,53,167,58,071,61,522
Hampshire,54,754,58,133,60,717
Middlesex,87,174,92,013,98,523
Nantucket,96,986,93,793,101,902
Norfolk,93,360,97,787,104,059
Plymouth,69,610,75,025,79,817
Suffolk,83,428,90,941,98,644
Worcester,56,730,61,577,65,793
Michigan,49,142,53,388,56,494
Alcona,41,782,46,504,49,262
Alger,35,126,39,479,42,171
Allegan,46,130,50,402,53,375
Alpena,40,817,45,497,48,428
Antrim,49,163,53,579,55,759
Arenac,39,779,44,841,47,470
Baraga,34,669,39,616,41,772
Barry,46,199,49,975,52,951
Bay,43,230,47,430,50,396
Benzie,47,113,52,273,54,684
Berrien,49,735,54,303,59,656
Branch,37,279,41,384,45,325
Calhoun,40,497,44,796,47,789
Cass,45,827,51,045,56,042
Charlevoix,53,854,59,153,62,505
Cheboygan,40,691,45,719,48,078
Chippewa,35,733,40,410,42,943
Clare,34,775,38,991,40,710
Clinton,48,051,51,861,54,719
Crawford,37,722,42,782,44,116
Delta,40,047,44,204,46,524
Dickinson,46,741,50,975,55,335
Eaton,43,887,47,981,50,743
Emmet,58,421,63,571,66,826
Genesee,42,141,46,371,49,399
Gladwin,38,377,41,637,44,068
Gogebic,42,173,46,469,48,705
Grand Traverse,52,710,57,453,60,388
Gratiot,36,244,40,793,43,249
Hillsdale,35,908,39,486,42,365
Houghton,37,044,40,803,43,809
Huron,45,222,52,150,55,774
Ingham,42,183,46,669,49,608
Ionia,34,416,38,396,40,849
Iosco,39,258,44,079,46,918
Iron,44,218,47,339,49,653
Isabella,39,018,43,582,45,657
Jackson,39,775,44,152,47,503
Kalamazoo,50,835,54,954,58,524
Kalkaska,36,560,41,541,43,609
Kent,54,507,58,706,61,852
Keweenaw,50,936,56,579,59,593
Lake,33,362,37,938,38,989
Lapeer,44,648,49,285,52,034
Leelanau,70,525,75,114,78,457
Lenawee,40,377,44,112,46,929
Livingston,59,309,62,640,65,883
Luce,35,772,41,624,43,526
Mackinac,44,726,50,473,53,230
Macomb,47,350,51,798,54,258
Manistee,40,528,44,375,46,489
Marquette,40,494,44,933,47,870
Mason,41,900,46,365,48,733
Mecosta,37,154,41,440,44,177
Menominee,41,962,45,802,48,873
Midland,54,951,58,544,62,055
Missaukee,36,752,41,488,43,609
Monroe,47,726,50,472,53,509
Montcalm,34,438,38,314,40,592
Montmorency,38,520,43,272,43,331
Muskegon,39,646,44,159,46,701
Newaygo,38,065,42,134,44,597
Oakland,72,614,77,030,80,962
Oceana,39,469,43,760,46,015
Ogemaw,34,956,39,841,42,781
Ontonagon,40,398,45,324,47,563
Osceola,39,164,43,341,45,167
Oscoda,34,885,37,619,39,929
Otsego,41,441,46,664,49,320
Ottawa,49,800,53,507,56,076
Presque Isle,40,274,44,888,47,138
Roscommon,38,065,42,721,44,518
Saginaw,42,114,46,419,49,274
St. Clair,45,733,50,390,52,805
St. Joseph,38,688,43,372,46,199
Sanilac,38,325,44,249,47,144
Schoolcraft,41,573,46,639,49,103
Shiawassee,40,570,44,809,47,525
Tuscola,37,522,42,155,44,908
Van Buren,41,782,45,781,48,770
Washtenaw,61,447,64,636,68,688
Wayne,43,271,47,533,50,610
Wexford,37,886,41,937,44,697
Minnesota,58,543,62,240,66,280
Aitkin,42,044,46,856,49,255
Anoka,52,820,56,014,59,397
Becker,48,118,51,710,56,147
Beltrami,43,165,47,241,50,833
Benton,45,691,49,675,53,214
Big Stone,49,836,58,966,64,816
Blue Earth,45,468,49,109,51,834
Brown,52,840,57,177,60,615
Carlton,43,646,46,796,49,797
Carver,73,785,76,137,80,562
Cass,47,869,51,803,56,491
Chippewa,48,039,52,027,57,395
Chisago,51,197,54,113,57,574
Clay,43,312,47,440,51,260
Clearwater,46,005,51,893,54,687
Cook,53,157,56,400,59,112
Cottonwood,44,993,54,800,58,229
Crow Wing,46,170,49,561,54,260
Dakota,61,297,64,089,67,927
Dodge,47,126,52,462,56,410
Douglas,51,776,55,854,59,909
Faribault,42,468,49,095,54,496
Fillmore,43,899,49,006,51,972
Freeborn,44,984,49,480,53,790
Goodhue,54,665,57,401,60,933
Grant,45,510,53,681,57,261
Hennepin,76,905,80,429,85,505
Houston,51,628,55,330,59,140
Hubbard,50,828,53,768,57,111
Isanti,46,713,49,721,53,189
Itasca,45,393,48,240,51,563
Jackson,52,652,60,415,63,311
Kanabec,44,473,49,721,51,935
Kandiyohi,52,094,55,811,58,345
Kittson,46,733,63,269,67,536
Koochiching,46,188,49,257,52,256
Lac qui Parle,49,909,58,221,65,109
Lake,47,886,50,311,53,868
Lake of the Woods,54,841,56,693,61,309
Le Sueur,50,203,54,455,58,146
Lincoln,46,805,51,669,57,110
Lyon,49,751,55,067,58,433
McLeod,48,098,52,942,56,689
Mahnomen,34,548,41,569,47,898
Marshall,50,621,63,411,68,963
Martin,51,498,55,701,61,216
Meeker,45,003,49,515,53,728
Mille Lacs,43,509,47,312,50,104
Morrison,41,933,47,136,50,229
Mower,46,076,50,565,55,320
Murray,52,874,62,101,63,623
Nicollet,50,427,53,688,56,992
Nobles,43,841,52,093,54,479
Norman,37,092,49,702,56,502
Olmsted,58,724,62,179,65,959
Otter Tail,47,353,51,840,55,698
Pennington,54,201,59,713,65,416
Pine,39,550,43,572,45,538
Pipestone,53,252,58,005,61,106
Polk,46,566,53,803,58,682
Pope,50,080,55,881,60,173
Ramsey,54,587,58,217,62,594
Red Lake,49,604,57,090,65,147
Redwood,52,951,60,667,63,700
Renville,47,453,56,369,61,406
Rice,45,230,48,412,51,545
Rock,48,827,56,690,57,744
Roseau,47,177,54,279,60,337
St. Louis,48,188,51,537,55,303
Scott,62,909,65,602,69,243
Sherburne,49,291,52,201,55,341
Sibley,47,861,53,512,58,242
Stearns,48,925,53,151,56,711
Steele,46,534,50,483,55,176
Stevens,47,917,56,612,58,335
Swift,46,446,53,559,58,433
Todd,42,688,43,743,47,069
Traverse,49,390,68,763,73,574
Wabasha,50,078,55,622,58,382
Wadena,39,290,43,488,46,380
Waseca,41,646,47,174,50,409
Washington,69,775,72,430,76,733
Watonwan,44,416,50,842,55,899
Wilkin,48,502,58,334,65,570
Winona,49,315,53,431,56,240
Wright,52,363,55,217,58,756
Yellow Medicine,54,679,60,552,65,068
Mississippi,39,445,42,716,45,881
Adams,36,413,39,621,42,911
Alcorn,38,576,41,396,44,255
Amite,33,523,35,618,39,407
Attala,35,013,39,450,42,044
Benton,34,858,37,877,41,767
Bolivar,37,303,41,211,46,512
Calhoun,35,831,40,299,43,222
Carroll,37,776,41,232,44,908
Chickasaw,36,094,39,510,41,179
Choctaw,34,454,37,992,40,804
Claiborne,31,375,34,891,37,833
Clarke,38,328,41,601,43,918
Clay,39,833,43,638,46,228
Coahoma,37,003,41,488,44,714
Copiah,33,613,36,223,39,166
Covington,38,557,39,134,45,169
DeSoto,44,019,47,078,50,982
Forrest,36,994,40,216,42,853
Franklin,35,908,38,685,40,443
George,34,072,38,208,39,807
Greene,28,265,30,485,33,133
Grenada,35,452,38,553,41,935
Hancock,38,155,41,867,44,776
Harrison,38,492,42,037,44,551
Hinds,40,535,44,415,47,413
Holmes,29,433,33,280,36,339
Humphreys,34,551,39,903,43,981
Issaquena,24,805,32,026,34,832
Itawamba,35,790,39,016,41,579
Jackson,38,894,42,163,44,945
Jasper,41,047,41,334,46,041
Jefferson,33,929,37,139,40,349
Jefferson Davis,29,943,32,452,36,241
Jones,39,102,41,022,44,494
Kemper,32,026,36,166,38,314
Lafayette,43,373,45,615,47,824
Lamar,41,585,44,325,47,129
Lauderdale,40,424,44,001,46,219
Lawrence,36,191,37,809,42,275
Leake,34,110,34,488,39,087
Lee,44,363,48,080,51,703
Leflore,38,631,43,521,48,265
Lincoln,39,236,41,755,44,688
Lowndes,40,592,44,039,47,137
Madison,65,464,69,925,73,485
Marion,38,807,40,203,43,035
Marshall,36,435,39,947,43,724
Monroe,37,602,40,976,44,332
Montgomery,35,009,38,639,41,252
Neshoba,37,989,39,519,43,915
Newton,35,654,36,925,41,367
Noxubee,35,266,38,306,44,360
Oktibbeha,34,454,36,768,38,463
Panola,34,489,38,751,42,074
Pearl River,38,224,40,667,43,214
Perry,34,208,37,403,40,243
Pike,31,391,34,320,37,461
Pontotoc,35,400,38,936,41,866
Prentiss,32,094,34,953,37,701
Quitman,31,506,36,525,41,682
Rankin,45,496,48,595,51,235
Scott,31,765,32,961,37,792
Sharkey,36,950,44,102,50,467
Simpson,38,405,40,004,44,174
Smith,39,661,40,309,46,337
Stone,34,653,37,262,39,547
Sunflower,29,664,33,938,37,950
Tallahatchie,31,982,36,529,41,558
Tate,38,141,41,180,44,749
Tippah,38,433,42,300,44,301
Tishomingo,35,811,38,796,41,457
Tunica,33,864,39,893,41,904
Union,35,412,38,697,41,155
Walthall,33,551,35,664,39,169
Warren,41,184,44,905,48,214
Washington,36,815,41,701,45,319
Wayne,37,296,38,401,43,439
Webster,39,308,42,236,44,543
Wilkinson,30,188,34,316,36,890
Winston,37,305,39,796,43,238
Yalobusha,36,651,39,591,41,761
Yazoo,28,399,34,042,36,515
Missouri,49,001,52,108,55,325
Adair,33,223,35,904,37,898
Andrew,44,650,47,612,50,693
Atchison,44,786,49,644,54,179
Audrain,37,613,41,328,44,319
Barry,36,511,38,718,41,248
Barton,35,273,40,842,42,329
Bates,40,670,44,537,46,821
Benton,38,951,40,715,43,097
Bollinger,38,100,41,916,44,552
Boone,49,251,51,723,54,522
Buchanan,40,780,43,594,46,362
Butler,36,123,40,610,43,194
Caldwell,39,967,42,976,45,802
Callaway,40,115,43,671,46,191
Camden,42,487,46,149,53,779
Cape Girardeau,43,856,46,449,48,732
Carroll,47,192,51,232,54,784
Carter,38,969,42,787,45,237
Cass,48,865,51,409,54,020
Cedar,31,770,34,960,36,748
Chariton,44,366,48,933,51,590
Christian,42,877,45,374,48,509
Clark,36,830,40,770,43,325
Clay,49,328,52,450,56,118
Clinton,42,840,46,082,48,730
Cole,48,294,52,134,54,941
Cooper,39,949,44,416,47,383
Crawford,37,178,40,033,43,192
Dade,35,396,38,902,42,127
Dallas,34,321,36,355,38,983
Daviess,33,034,36,377,37,739
DeKalb,34,261,36,198,38,366
Dent,35,734,39,091,41,420
Douglas,32,368,35,738,37,992
Dunklin,36,417,39,435,43,809
Franklin,46,380,49,094,51,952
Gasconade,40,633,43,585,45,866
Gentry,45,703,49,591,50,953
Greene,45,900,48,134,51,220
Grundy,34,882,38,424,40,504
Harrison,37,241,41,726,43,767
Henry,41,931,45,715,48,924
Hickory,33,430,36,800,38,100
Holt,50,637,56,930,58,888
Howard,40,891,44,142,46,854
Howell,35,728,38,446,40,358
Iron,35,263,38,593,41,182
Jackson,46,644,49,915,53,112
Jasper,39,842,41,265,43,859
Jefferson,44,193,46,665,49,392
Johnson,37,599,40,141,46,526
Knox,37,209,41,419,42,987
Laclede,36,383,39,088,41,266
Lafayette,42,782,46,053,49,491
Lawrence,35,094,37,596,39,889
Lewis,35,602,38,514,41,823
Lincoln,42,511,45,097,47,686
Linn,39,614,43,234,45,966
Livingston,39,106,43,802,46,069
McDonald,29,020,31,657,35,275
Macon,41,152,44,838,47,691
Madison,36,166,39,546,41,068
Maries,36,105,39,120,41,212
Marion,41,063,44,348,47,304
Mercer,32,105,35,568,37,104
Miller,37,824,41,385,43,510
Mississippi,31,911,36,534,39,424
Moniteau,38,417,43,446,46,530
Monroe,41,106,43,467,47,215
Montgomery,41,856,46,685,49,923
Morgan,41,617,44,776,47,637
New Madrid,37,247,43,079,49,093
Newton,39,711,42,442,45,190
Nodaway,33,241,37,241,39,258
Oregon,37,005,40,775,42,966
Osage,46,003,49,948,52,701
Ozark,33,351,36,728,38,401
Pemiscot,36,126,40,570,46,840
Perry,42,747,45,738,48,474
Pettis,37,712,40,827,43,693
Phelps,39,464,42,213,44,205
Pike,36,936,40,344,42,546
Platte,58,704,60,838,63,771
Polk,36,178,38,301,41,119
Pulaski,41,300,43,973,44,759
Putnam,36,103,39,446,41,629
Ralls,40,326,44,503,47,714
Randolph,38,661,43,507,46,164
Ray,42,782,45,644,48,843
Reynolds,36,189,40,045,43,066
Ripley,37,947,42,565,45,666
St. Charles,55,706,58,134,61,752
St. Clair,31,316,34,466,36,671
Ste. Genevieve,41,160,44,215,46,578
St. Francois,35,222,37,971,40,227
St. Louis,73,575,77,419,81,829
Saline,37,351,41,697,44,067
Schuyler,32,969,37,161,38,544
Scotland,35,776,41,903,45,092
Scott,41,226,44,714,47,750
Shannon,34,946,38,917,41,200
Shelby,38,989,43,499,48,578
Stoddard,37,698,40,868,45,554
Stone,41,537,44,432,46,852
Sullivan,38,969,44,289,44,139
Taney,37,777,40,130,42,600
Texas,30,579,34,186,35,346
Vernon,36,058,40,312,42,332
Warren,44,910,47,227,50,001
Washington,31,927,34,830,37,238
Wayne,35,865,39,972,42,678
Webster,34,607,37,195,39,976
Worth,37,715,40,892,41,952
Wright,33,209,36,432,38,544
St. Louis City,48,808,52,085,55,984
Montana,50,289,54,106,56,949
Beaverhead,48,960,53,114,54,430
Big Horn,31,525,35,760,36,517
Blaine,28,752,32,137,34,095
Broadwater,43,874,46,978,47,541
Carbon,55,564,58,553,59,715
Carter,35,331,41,071,39,354
Cascade,47,303,50,576,53,765
Chouteau,39,136,44,873,39,287
Custer,45,133,48,672,50,535
Daniels,48,764,59,209,57,661
Dawson,44,820,47,514,47,459
Deer Lodge,40,093,44,356,46,384
Fallon,45,775,48,531,49,165
Fergus,44,026,45,728,46,685
Flathead,51,462,55,764,58,964
Gallatin,60,242,65,225,70,276
Garfield,35,023,41,816,37,365
Glacier,37,046,41,271,41,159
Golden Valley,49,935,53,351,53,046
Granite,46,221,49,622,51,995
Hill,45,861,49,714,51,060
Jefferson,51,121,54,195,56,632
Judith Basin,48,136,52,026,48,352
Lake,40,510,44,565,46,387
Lewis and Clark,50,533,54,364,56,791
Liberty,55,944,60,873,57,219
Lincoln,38,977,42,915,43,782
McCone,37,815,42,057,46,848
Madison,66,750,70,067,74,468
Meagher,44,049,46,482,46,835
Mineral,40,374,44,492,45,966
Missoula,53,992,57,895,61,881
Musselshell,44,810,48,195,49,553
Park,51,909,55,812,59,558
Petroleum,34,028,36,335,31,503
Phillips,39,054,43,494,44,926
Pondera,49,912,56,521,52,704
Powder River,34,282,40,773,39,838
Powell,45,601,49,055,50,932
Prairie,47,082,54,058,49,204
Ravalli,50,072,53,310,56,321
Richland,59,985,59,934,61,645
Roosevelt,36,659,40,608,43,207
Rosebud,47,753,52,220,53,461
Sanders,37,037,41,201,42,153
Sheridan,47,259,53,773,55,476
Silver Bow,48,451,51,180,54,704
Stillwater,59,139,62,194,64,917
Sweet Grass,51,626,55,732,57,852
Teton,49,178,53,825,50,240
Toole,49,222,54,000,49,135
Treasure,51,812,56,527,49,706
Valley,46,099,50,260,56,541
Wheatland,40,321,43,115,44,640
Wibaux,41,574,45,705,48,904
Yellowstone,52,992,56,075,59,415
Nebraska,54,182,57,421,61,205
Adams,50,436,53,834,58,072
Antelope,57,774,71,488,74,129
Arthur,49,775,54,348,58,171
Banner,58,969,61,329,68,909
Blaine,58,725,66,390,62,594
Boone,56,680,66,670,74,085
Box Butte,48,835,50,917,55,642
Boyd,58,251,65,645,74,685
Brown,56,927,63,013,63,598
Buffalo,56,553,59,369,61,763
Burt,47,652,52,212,56,557
Butler,48,773,55,051,59,717
Cass,53,565,56,967,60,920
Cedar,51,013,58,553,66,572
Chase,60,268,68,404,69,366
Cherry,47,074,54,140,55,302
Cheyenne,48,869,51,608,52,730
Clay,52,353,58,528,63,915
Colfax,44,150,50,636,54,392
Cuming,64,751,72,236,71,979
Custer,49,256,56,374,58,544
Dakota,41,615,44,031,48,756
Dawes,39,476,44,425,47,375
Dawson,44,578,48,074,49,653
Deuel,40,961,43,499,46,093
Dixon,44,757,50,265,54,144
Dodge,48,081,52,163,56,298
Douglas,63,204,64,768,68,699
Dundy,71,482,85,446,93,788
Fillmore,57,200,62,796,68,697
Franklin,52,677,62,114,68,092
Frontier,39,203,47,254,55,020
Furnas,46,142,53,829,59,961
Gage,48,682,52,502,57,838
Garden,47,020,51,193,57,475
Garfield,46,130,54,226,54,771
Gosper,52,047,60,103,67,627
Grant,50,847,56,159,59,952
Greeley,51,465,59,544,66,840
Hall,43,633,47,179,51,566
Hamilton,53,781,60,279,65,739
Harlan,57,567,63,737,66,306
Hayes,70,204,81,633,90,144
Hitchcock,42,440,49,549,59,923
Holt,52,409,59,866,66,231
Hooker,47,599,48,980,49,027
Howard,46,850,52,024,55,957
Jefferson,48,162,52,524,56,274
Johnson,34,566,38,725,42,104
Kearney,57,267,63,956,72,421
Keith,45,436,48,869,52,394
Keya Paha,52,357,63,851,62,968
Kimball,46,172,52,000,55,021
Knox,46,881,53,730,57,577
Lancaster,51,035,53,827,56,782
Lincoln,49,617,53,436,58,484
Logan,52,031,57,256,60,186
Loup,58,268,65,201,69,695
McPherson,51,745,67,927,63,343
Madison,51,683,55,695,60,169
Merrick,48,814,52,538,56,823
Morrill,57,763,63,827,65,524
Nance,40,694,47,317,55,096
Nemaha,48,317,51,393,56,823
Nuckolls,53,019,59,933,68,062
Otoe,55,614,58,784,63,569
Pawnee,44,972,53,131,58,774
Perkins,64,894,75,072,87,847
Phelps,54,090,60,264,63,430
Pierce,57,035,62,386,68,647
Platte,48,329,52,458,56,149
Polk,53,709,57,864,65,364
Red Willow,46,784,51,790,53,974
Richardson,49,797,54,936,60,001
Rock,64,946,76,670,80,527
Saline,42,769,46,753,51,623
Sarpy,52,202,54,900,58,084
Saunders,53,994,57,644,61,840
Scotts Bluff,45,546,49,089,51,337
Seward,51,016,55,580,58,829
Sheridan,50,584,56,304,60,271
Sherman,44,880,51,164,60,225
Sioux,59,849,65,082,74,215
Stanton,47,073,54,803,61,286
Thayer,52,792,59,847,63,828
Thomas,57,707,59,914,61,324
Thurston,41,718,49,998,57,406
Valley,52,167,60,546,63,254
Washington,58,221,61,147,65,143
Wayne,43,613,48,187,51,852
Webster,51,108,54,802,57,191
Wheeler,73,088,72,748,83,722
York,48,928,54,506,58,148
Nevada,52,602,55,406,60,213
Churchill,45,923,49,871,54,726
Clark,51,012,53,562,58,276
Douglas,77,239,81,033,87,214
Elko,47,458,50,436,52,754
Esmeralda,51,386,47,507,55,007
Eureka,47,549,47,833,49,606
Humboldt,47,967,50,801,53,564
Lander,67,315,69,536,72,511
Lincoln,45,484,49,336,53,269
Lyon,40,283,44,043,48,247
Mineral,41,053,47,029,48,836
Nye,37,624,39,534,42,796
Pershing,33,070,37,287,39,688
Storey,60,420,69,486,77,775
Washoe,62,117,65,674,71,436
White Pine,48,628,53,734,56,241
Carson City,50,973,55,239,60,445
New Hampshire,64,747,68,542,73,200
Belknap,64,287,67,965,71,958
Carroll,63,343,66,897,69,803
Cheshire,53,260,58,093,64,870
Coos,45,254,49,535,52,132
Grafton,66,344,70,687,74,813
Hillsborough,63,263,67,127,71,849
Merrimack,60,412,64,478,68,222
Rockingham,79,315,82,496,88,303
Strafford,53,852,57,449,61,139
Sullivan,55,373,59,379,63,225
New Jersey,68,438,71,505,77,016
Atlantic,50,196,55,273,58,310
Bergen,87,903,90,759,97,343
Burlington,62,113,65,654,69,496
Camden,53,811,57,483,61,642
Cape May,63,302,68,326,72,010
Cumberland,40,014,43,844,47,559
Essex,63,975,68,192,74,310
Gloucester,55,704,58,909,62,553
Hudson,64,645,65,509,72,046
Hunterdon,90,649,93,279,100,288
Mercer,68,721,71,990,77,911
Middlesex,61,440,64,920,70,221
Monmouth,82,513,86,029,92,119
Morris,97,774,100,617,107,767
Ocean,53,315,56,831,60,823
Passaic,50,421,54,514,59,559
Salem,48,860,52,936,57,547
Somerset,107,923,106,558,113,975
Sussex,63,283,66,431,71,059
Union,68,555,70,955,77,007
Warren,55,865,58,755,63,041
New Mexico,43,530,46,760,50,311
Bernalillo,46,130,49,817,53,616
Catron,33,162,36,786,37,990
Chaves,39,757,42,594,45,577
Cibola,28,055,31,700,34,627
Colfax,40,240,44,671,47,563
Curry,44,392,48,757,52,015
De Baca,48,600,54,946,56,384
Doa Ana,38,142,41,597,45,045
Eddy,59,246,59,518,62,888
Grant,41,531,44,295,48,537
Guadalupe,33,980,37,162,43,255
Harding,40,555,46,965,49,695
Hidalgo,42,896,47,293,51,465
Lea,48,054,45,169,48,578
Lincoln,41,684,45,210,47,703
Los Alamos,72,366,75,949,81,306
Luna,31,164,35,385,38,494
McKinley,28,158,31,889,34,939
Mora,43,595,48,632,51,939
Otero,35,385,38,978,41,657
Quay,37,684,41,017,44,798
Rio Arriba,34,872,38,992,42,467
Roosevelt,39,990,43,456,45,456
Sandoval,44,713,47,989,51,807
San Juan,36,599,38,835,41,735
San Miguel,36,646,41,194,44,889
Santa Fe,61,879,65,042,69,528
Sierra,39,373,45,403,49,778
Socorro,35,357,38,874,42,389
Taos,37,469,41,670,44,709
Torrance,34,471,38,437,41,423
Union,35,867,40,294,41,350
Valencia,36,192,39,980,43,485
New York,67,366,71,577,76,837
Albany,62,495,67,115,70,947
Allegany,36,813,40,558,42,569
Bronx,37,090,42,414,46,834
Broome,43,732,47,712,50,657
Cattaraugus,40,704,44,629,46,775
Cayuga,44,668,48,654,51,431
Chautauqua,41,237,44,998,47,642
Chemung,45,402,49,108,52,360
Chenango,42,909,47,183,50,568
Clinton,44,979,48,408,50,625
Columbia,57,978,61,949,65,426
Cortland,41,611,45,921,48,617
Delaware,42,770,46,157,48,644
Dutchess,59,590,63,333,67,256
Erie,50,760,55,229,57,625
Essex,47,408,51,020,54,109
Franklin,41,327,45,004,48,658
Fulton,44,191,48,587,51,558
Genesee,44,444,48,351,50,662
Greene,48,849,53,044,55,805
Hamilton,49,017,52,685,54,556
Herkimer,44,074,48,208,51,946
Jefferson,45,905,50,368,53,130
Kings,51,632,56,349,61,851
Lewis,46,957,51,181,54,629
Livingston,46,803,49,549,52,209
Madison,48,065,51,732,54,766
Monroe,53,057,57,252,60,046
Montgomery,42,045,46,018,48,821
Nassau,89,713,93,715,99,597
New York,173,525,175,327,195,543
Niagara,46,393,51,017,53,137
Oneida,46,034,49,821,53,172
Onondaga,52,978,57,760,60,992
Ontario,55,262,59,177,62,051
Orange,51,803,55,348,58,883
Orleans,39,657,44,078,46,322
Oswego,41,695,45,855,48,574
Otsego,46,240,50,111,53,431
Putnam,70,345,74,127,78,754
Queens,48,675,53,838,58,646
Rensselaer,50,039,54,643,58,126
Richmond,56,475,60,381,65,113
Rockland,60,915,64,854,69,173
St. Lawrence,39,181,42,821,45,626
Saratoga,67,477,71,652,75,651
Schenectady,53,917,58,435,62,484
Schoharie,45,273,49,123,52,027
Schuyler,42,715,46,769,49,811
Seneca,40,586,44,704,47,269
Steuben,47,475,51,050,54,238
Suffolk,72,292,76,687,81,309
Sullivan,47,370,51,175,53,874
Tioga,46,710,50,803,53,919
Tompkins,45,232,48,541,51,377
Ulster,53,426,57,057,60,557
Warren,53,919,59,267,62,392
Washington,42,093,46,149,49,202
Wayne,47,651,51,428,53,499
Westchester,107,755,112,096,119,705
Wyoming,41,950,45,927,49,062
Yates,42,576,46,399,48,934
North Carolina,48,741,51,900,56,173
Alamance,41,493,44,418,48,118
Alexander,39,301,42,147,46,513
Alleghany,40,046,42,648,45,206
Anson,40,616,42,055,47,744
Ashe,38,065,41,284,44,203
Avery,37,300,40,197,43,022
Beaufort,46,467,49,748,54,165
Bertie,39,224,42,000,48,377
Bladen,39,138,43,369,47,567
Brunswick,50,004,52,706,55,361
Buncombe,51,095,53,944,57,895
Burke,37,922,41,229,44,798
Cabarrus,46,415,49,592,53,647
Caldwell,37,207,40,147,43,856
Camden,49,318,52,032,55,457
Carteret,53,601,57,329,60,741
Caswell,35,982,38,866,42,247
Catawba,46,269,49,400,53,333
Chatham,67,117,70,130,75,624
Cherokee,34,649,37,421,40,485
Chowan,43,086,46,206,50,460
Clay,37,286,40,229,43,300
Cleveland,38,518,41,569,45,544
Columbus,36,093,40,202,44,729
Craven,46,534,50,408,54,135
Cumberland,39,633,43,028,46,992
Currituck,50,389,53,380,57,320
Dare,60,562,65,191,68,887
Davidson,41,164,44,191,48,086
Davie,50,977,53,558,57,591
Duplin,41,559,44,729,51,968
Durham,52,438,55,464,60,330
Edgecombe,37,462,40,755,45,069
Forsyth,49,345,52,167,56,378
Franklin,38,629,41,482,44,996
Gaston,41,535,44,739,48,508
Gates,42,248,45,113,50,100
Graham,37,164,39,698,43,178
Granville,40,074,43,069,46,504
Greene,32,922,35,457,39,564
Guilford,47,340,50,418,54,651
Halifax,37,975,40,677,44,948
Harnett,36,681,39,500,43,484
Haywood,42,758,45,709,49,639
Henderson,46,609,48,613,52,634
Hertford,35,068,38,879,41,973
Hoke,34,507,37,467,41,652
Hyde,42,537,45,957,49,175
Iredell,53,430,56,830,60,791
Jackson,36,736,39,950,43,362
Johnston,42,117,45,109,48,950
Jones,42,088,43,579,50,245
Lee,42,355,45,022,49,136
Lenoir,41,500,45,319,50,363
Lincoln,48,419,51,675,55,368
McDowell,36,377,39,398,42,960
Macon,41,975,45,095,48,875
Madison,37,206,39,775,43,064
Martin,35,954,38,674,43,176
Mecklenburg,63,805,66,863,71,836
Mitchell,37,938,40,735,43,973
Montgomery,38,850,42,133,46,916
Moore,54,737,57,819,60,775
Nash,44,063,46,885,50,714
New Hanover,50,960,54,391,57,693
Northampton,39,114,41,617,46,742
Onslow,44,307,46,972,50,869
Orange,66,970,69,593,74,994
Pamlico,46,364,49,603,53,355
Pasquotank,39,929,43,165,47,034
Pender,42,899,45,375,48,665
Perquimans,43,540,46,690,51,577
Person,39,670,42,737,46,879
Pitt,45,951,49,350,53,200
Polk,51,561,54,775,59,482
Randolph,39,292,41,954,45,777
Richmond,36,629,40,055,44,562
Robeson,33,639,36,880,41,780
Rockingham,38,428,41,249,45,049
Rowan,39,508,42,922,46,763
Rutherford,35,607,38,741,42,376
Sampson,37,994,40,646,45,841
Scotland,34,770,37,527,42,171
Stanly,40,374,43,279,46,827
Stokes,39,689,42,290,46,159
Surry,39,935,42,733,46,963
Swain,41,006,44,824,49,421
Transylvania,45,984,48,341,52,252
Tyrrell,39,263,43,515,47,379
Union,55,973,59,055,63,777
Vance,36,561,39,845,44,399
Wake,62,535,66,147,71,205
Warren,31,817,35,682,38,740
Washington,38,154,41,632,46,846
Watauga,40,810,43,559,46,766
Wayne,42,187,45,415,49,881
Wilkes,38,955,41,739,46,169
Wilson,41,803,44,562,48,642
Yadkin,39,450,41,874,46,172
Yancey,37,365,39,832,41,892
North Dakota,57,110,60,864,64,524
Adams,48,914,57,099,57,586
Barnes,55,652,63,045,66,463
Benson,39,623,49,406,55,282
Billings,79,623,83,228,92,571
Bottineau,60,713,68,775,69,935
Bowman,68,487,69,660,77,069
Burke,73,848,75,228,72,515
Burleigh,60,474,62,746,66,017
Cass,58,233,61,736,65,803
Cavalier,63,525,90,480,88,700
Dickey,61,984,68,779,73,312
Divide,58,643,65,123,66,208
Dunn,74,483,73,707,80,976
Eddy,57,092,69,336,72,571
Emmons,48,876,64,339,72,883
Foster,58,655,73,729,75,732
Golden Valley,39,094,44,263,52,279
Grand Forks,51,236,55,175,58,132
Grant,43,268,54,801,57,313
Griggs,55,402,68,358,73,012
Hettinger,48,588,59,125,58,160
Kidder,53,808,66,782,74,589
LaMoure,60,029,70,840,72,712
Logan,50,471,60,170,68,365
McHenry,55,062,62,880,72,140
McIntosh,59,208,70,439,80,675
McKenzie,70,441,66,159,72,258
McLean,59,239,64,151,76,889
Mercer,58,481,60,817,65,113
Morton,52,389,55,406,58,630
Mountrail,68,215,68,259,72,419
Nelson,58,823,71,728,70,971
Oliver,45,448,52,046,63,441
Pembina,58,341,71,085,75,974
Pierce,48,230,56,319,66,733
Ramsey,49,856,56,950,59,490
Ransom,54,832,60,122,64,827
Renville,69,861,79,383,78,282
Richland,50,104,53,248,59,919
Rolette,41,420,48,719,52,939
Sargent,62,204,68,049,74,799
Sheridan,48,090,61,315,78,328
Sioux,29,160,35,078,36,445
Slope,48,921,62,170,80,270
Stark,63,393,61,563,62,553
Steele,64,659,87,451,86,280
Stutsman,52,206,59,353,61,388
Towner,58,502,86,111,80,665
Traill,54,988,64,735,65,364
Walsh,50,715,61,427,65,961
Ward,55,233,57,047,59,893
Wells,58,274,76,369,82,108
Williams,66,244,61,077,63,689
Ohio,50,035,53,545,56,879
Adams,35,806,40,100,43,092
Allen,43,618,47,314,50,353
Ashland,39,376,42,813,45,594
Ashtabula,39,535,43,074,46,280
Athens,35,910,38,491,40,663
Auglaize,47,864,51,426,54,964
Belmont,41,870,42,535,45,375
Brown,39,149,42,639,45,795
Butler,49,578,52,403,55,636
Carroll,41,253,45,217,48,319
Champaign,42,488,47,064,50,151
Clark,41,168,44,990,47,929
Clermont,57,898,61,442,64,895
Clinton,45,799,48,335,52,090
Columbiana,39,393,42,931,45,580
Coshocton,36,206,39,883,42,403
Crawford,38,215,42,508,45,755
Cuyahoga,55,170,58,767,62,790
Darke,43,415,47,615,51,549
Defiance,41,542,45,046,47,933
Delaware,76,803,80,000,83,603
Erie,55,178,54,141,58,239
Fairfield,48,415,52,052,55,185
Fayette,39,499,45,321,47,851
Franklin,51,386,55,376,58,689
Fulton,46,220,49,896,52,995
Gallia,41,574,44,973,47,674
Geauga,71,640,74,087,78,294
Greene,52,189,55,300,58,363
Guernsey,41,970,45,838,48,667
Hamilton,60,698,64,043,67,845
Hancock,51,102,55,871,58,966
Hardin,33,937,37,515,40,636
Harrison,40,834,43,497,45,968
Henry,44,961,49,383,52,568
Highland,37,462,41,304,44,454
Hocking,39,909,43,539,46,421
Holmes,47,387,50,516,54,118
Huron,40,967,44,947,48,213
Jackson,36,620,40,658,42,680
Jefferson,40,616,44,238,47,413
Knox,45,128,48,648,52,034
Lake,52,503,55,688,58,960
Lawrence,40,440,43,730,46,838
Licking,47,531,51,377,54,525
Logan,42,969,47,329,50,151
Lorain,48,387,51,518,54,452
Lucas,47,730,51,088,54,105
Madison,42,785,47,359,50,124
Mahoning,44,241,47,903,50,968
Marion,37,356,40,780,43,814
Medina,58,080,60,816,64,371
Meigs,36,845,40,789,43,469
Mercer,50,173,54,089,59,089
Miami,48,319,51,963,54,947
Monroe,38,342,42,900,43,844
Montgomery,48,011,51,883,54,822
Morgan,35,887,40,418,43,249
Morrow,41,694,45,968,49,162
Muskingum,42,244,46,224,49,160
Noble,28,633,31,322,32,713
Ottawa,54,124,57,760,61,102
Paulding,41,315,45,740,48,972
Perry,39,486,43,130,46,028
Pickaway,42,334,46,614,49,425
Pike,39,758,43,639,46,730
Portage,46,092,49,221,51,995
Preble,41,128,45,111,48,600
Putnam,49,854,53,906,57,868
Richland,39,903,43,561,46,366
Ross,38,739,42,468,45,596
Sandusky,41,968,45,645,48,982
Scioto,41,291,43,698,46,946
Seneca,40,328,44,981,47,605
Shelby,45,896,49,486,52,547
Stark,45,901,49,197,52,426
Summit,53,540,57,035,60,771
Trumbull,40,338,43,700,46,356
Tuscarawas,44,215,47,139,50,625
Union,58,178,61,633,64,967
Van Wert,42,094,46,137,49,328
Vinton,35,464,39,672,42,290
Warren,62,927,66,080,69,581
Washington,44,669,47,691,50,549
Wayne,46,253,49,525,52,817
Williams,42,545,45,983,49,310
Wood,48,351,51,122,53,892
Wyandot,45,761,50,254,54,342
Oklahoma,48,646,50,518,53,870
Adair,32,854,36,005,41,496
Alfalfa,38,514,40,128,43,695
Atoka,32,373,34,326,36,195
Beaver,55,602,56,870,65,668
Beckham,37,090,37,821,40,147
Blaine,47,191,45,732,53,081
Bryan,37,796,40,318,43,871
Caddo,39,266,41,445,45,452
Canadian,46,536,47,987,50,309
Carter,43,831,45,673,48,733
Cherokee,35,544,37,729,40,638
Choctaw,33,313,36,804,40,395
Cimarron,61,841,62,184,68,769
Cleveland,45,294,47,292,49,946
Coal,40,247,40,718,44,170
Comanche,42,511,45,353,47,650
Cotton,45,057,49,068,51,300
Craig,39,611,41,011,43,958
Creek,42,775,45,323,47,927
Custer,41,388,42,941,46,226
Delaware,36,145,37,927,40,950
Dewey,53,322,51,015,53,807
Ellis,55,054,53,911,57,564
Garfield,43,701,44,850,48,861
Garvin,43,021,46,164,48,690
Grady,42,770,44,915,47,840
Grant,49,106,54,509,60,177
Greer,30,780,33,100,35,502
Harmon,41,603,45,852,51,088
Harper,54,839,52,763,54,555
Haskell,36,002,37,707,42,506
Hughes,41,203,40,999,46,703
Jackson,42,542,45,539,49,372
Jefferson,37,175,40,359,41,152
Johnston,37,159,40,616,43,246
Kay,41,547,44,804,47,817
Kingfisher,59,692,61,709,67,299
Kiowa,38,343,42,364,45,875
Latimer,36,760,38,117,40,932
Le Flore,34,678,36,472,40,214
Lincoln,38,990,41,876,44,687
Logan,44,296,45,694,48,559
Love,39,229,41,135,43,592
McClain,49,042,50,262,53,330
McCurtain,35,030,37,605,42,574
McIntosh,37,404,40,174,42,241
Major,42,600,43,220,47,185
Marshall,37,863,41,119,43,325
Mayes,38,676,41,812,44,615
Murray,43,630,45,070,48,831
Muskogee,38,355,40,934,43,699
Noble,45,429,47,928,51,172
Nowata,40,117,42,909,46,337
Okfuskee,32,870,34,939,37,839
Oklahoma,56,727,58,984,63,151
Okmulgee,36,446,38,936,41,808
Osage,37,056,39,439,42,015
Ottawa,38,936,42,066,45,484
Pawnee,38,894,41,104,43,859
Payne,39,008,41,541,43,952
Pittsburg,39,340,40,110,42,102
Pontotoc,45,338,48,300,51,619
Pottawatomie,40,419,42,897,46,730
Pushmataha,32,855,35,987,39,442
Roger Mills,43,864,46,890,50,590
Rogers,47,480,49,464,52,142
Seminole,35,993,38,386,41,119
Sequoyah,35,943,39,081,42,780
Stephens,43,968,45,647,48,328
Texas,52,877,51,093,58,194
Tillman,38,397,37,561,40,610
Tulsa,63,538,62,889,66,535
Wagoner,43,020,45,032,47,142
Washington,58,893,73,262,78,103
Washita,36,697,38,035,40,961
Woods,44,862,46,245,50,198
Woodward,37,189,39,048,41,180
Oregon,52,718,57,005,61,596
Baker,41,127,44,857,48,107
Benton,47,290,50,628,54,174
Clackamas,62,194,66,419,71,504
Clatsop,45,253,49,063,52,250
Columbia,45,762,49,273,53,573
Coos,46,736,51,557,55,759
Crook,43,670,47,093,50,708
Curry,45,002,48,934,53,044
Deschutes,58,666,63,872,67,743
Douglas,42,488,46,948,50,595
Gilliam,55,635,64,369,63,645
Grant,42,841,47,602,50,870
Harney,40,504,44,912,49,257
Hood River,55,537,60,167,65,127
Jackson,47,774,52,410,56,842
Jefferson,36,078,39,948,43,145
Josephine,44,048,49,062,54,466
Klamath,40,236,44,133,48,050
Lake,40,872,44,274,47,066
Lane,46,752,51,272,55,146
Lincoln,45,542,48,876,52,482
Linn,44,501,48,357,52,695
Malheur,32,651,35,489,38,923
Marion,44,921,49,022,53,791
Morrow,46,189,48,990,51,670
Multnomah,59,993,64,858,70,331
Polk,43,012,45,835,49,781
Sherman,55,593,63,097,67,558
Tillamook,45,064,48,609,51,643
Umatilla,40,364,44,604,48,439
Union,42,107,46,076,50,053
Wallowa,44,689,48,880,52,999
Wasco,43,622,48,355,52,527
Washington,62,493,66,270,71,537
Wheeler,36,225,39,648,42,637
Yamhill,47,337,51,486,55,802
Pennsylvania,56,952,60,685,64,279
Adams,49,380,52,801,55,752
Allegheny,63,478,66,702,70,580
Armstrong,46,020,50,598,54,198
Beaver,49,021,53,495,56,452
Bedford,42,995,46,031,49,916
Berks,50,657,55,045,57,970
Blair,47,034,51,007,54,470
Bradford,43,589,46,144,49,063
Bucks,75,056,79,239,83,011
Butler,60,060,63,693,67,203
Cambria,43,120,46,609,49,472
Cameron,46,309,51,527,54,352
Carbon,52,818,56,231,59,317
Centre,49,211,52,699,54,994
Chester,87,486,91,122,95,483
Clarion,43,226,47,111,49,611
Clearfield,45,050,49,517,52,478
Clinton,43,321,47,075,49,312
Columbia,43,624,47,565,50,176
Crawford,41,976,45,838,48,431
Cumberland,56,628,61,296,63,650
Dauphin,52,037,55,487,58,741
Delaware,69,433,72,700,77,180
Elk,46,954,51,310,51,653
Erie,45,883,49,969,52,747
Fayette,43,186,47,448,51,007
Forest,24,922,28,305,29,573
Franklin,48,017,51,665,55,139
Fulton,45,295,48,242,49,929
Greene,44,620,47,846,50,266
Huntingdon,39,855,44,087,46,331
Indiana,41,489,44,804,47,945
Jefferson,43,852,47,510,50,240
Juniata,47,788,52,855,56,422
Lackawanna,47,435,51,419,54,380
Lancaster,54,061,58,214,61,547
Lawrence,44,147,48,385,51,611
Lebanon,48,912,52,399,55,803
Lehigh,54,791,58,227,62,537
Luzerne,44,987,49,172,52,300
Lycoming,44,394,48,075,50,464
McKean,45,010,48,118,51,169
Mercer,42,598,46,310,49,311
Mifflin,40,116,44,040,46,768
Monroe,45,196,49,469,53,118
Montgomery,79,267,84,342,88,671
Montour,57,124,60,685,64,548
Northampton,56,142,59,080,63,256
Northumberland,42,391,46,431,49,525
Perry,46,931,50,363,53,700
Philadelphia,54,010,56,685,60,869
Pike,50,137,52,415,56,008
Potter,45,232,47,845,51,432
Schuylkill,42,971,46,834,49,451
Snyder,43,481,47,418,50,846
Somerset,42,173,45,843,48,135
Sullivan,49,647,52,767,55,564
Susquehanna,48,990,51,186,55,354
Tioga,41,371,44,366,47,572
Union,44,452,47,782,50,630
Venango,43,572,47,240,50,691
Warren,43,634,46,945,49,356
Washington,57,447,61,945,65,452
Wayne,45,567,49,187,52,351
Westmoreland,52,476,56,620,59,874
Wyoming,48,722,52,731,55,902
York,51,295,54,808,57,870
Rhode Island,55,830,59,941,64,376
Bristol,78,427,82,053,87,810
Kent,60,103,63,582,67,906
Newport,73,416,78,693,84,054
Providence,48,251,52,324,56,429
Washington,68,280,72,917,77,855
South Carolina,46,681,49,105,52,467
Abbeville,34,990,38,094,40,596
Aiken,45,459,48,208,51,057
Allendale,34,309,39,852,41,814
Anderson,41,621,43,933,46,894
Bamberg,36,074,38,795,41,081
Barnwell,35,568,38,813,41,828
Beaufort,63,489,66,301,70,166
Berkeley,43,510,45,454,48,919
Calhoun,43,214,46,304,50,375
Charleston,67,053,68,720,73,032
Cherokee,34,346,37,154,40,230
Chester,35,924,39,521,43,169
Chesterfield,34,058,36,209,39,538
Clarendon,37,054,40,794,44,874
Colleton,36,296,39,240,42,481
Darlington,41,182,44,051,47,845
Dillon,32,450,35,315,39,567
Dorchester,41,157,43,321,46,857
Edgefield,39,389,42,991,45,299
Fairfield,40,794,44,890,48,634
Florence,44,609,47,692,51,554
Georgetown,50,433,53,677,57,656
Greenville,50,680,52,376,55,442
Greenwood,38,712,41,762,44,723
Hampton,33,314,38,107,41,689
Horry,41,360,44,241,46,817
Jasper,35,901,39,314,41,531
Kershaw,44,272,46,901,50,635
Lancaster,53,991,51,986,55,033
Laurens,36,102,38,476,41,245
Lee,33,989,37,142,41,364
Lexington,49,874,51,900,55,304
McCormick,39,739,42,206,44,391
Marion,34,745,37,956,41,519
Marlboro,31,256,34,189,37,933
Newberry,40,342,43,190,46,917
Oconee,46,804,48,945,52,336
Orangeburg,35,639,38,860,42,376
Pickens,39,339,41,135,43,842
Richland,47,123,49,808,52,980
Saluda,37,994,40,423,44,503
Spartanburg,45,010,47,641,50,596
Sumter,40,042,42,961,47,046
Union,34,503,37,527,40,821
Williamsburg,33,664,37,456,40,746
York,50,047,52,800,56,566
South Dakota,55,294,60,446,64,462
Aurora,40,181,48,166,54,512
Beadle,48,558,52,156,55,409
Bennett,36,061,42,172,46,894
Bon Homme,40,638,42,965,47,665
Brookings,48,112,51,581,53,860
Brown,56,126,63,550,66,044
Brule,45,995,53,397,59,267
Buffalo,20,104,25,764,32,773
Butte,40,729,44,148,45,885
Campbell,46,144,67,948,79,723
Charles Mix,40,561,45,485,50,673
Clark,47,342,69,360,71,383
Clay,39,918,42,439,47,288
Codington,51,821,56,540,59,387
Corson,27,953,31,967,38,834
Custer,53,960,57,307,59,756
Davison,52,030,55,929,59,258
Day,46,021,62,749,65,558
Deuel,50,684,60,006,62,580
Dewey,41,097,50,885,54,255
Douglas,59,865,61,017,67,626
Edmunds,52,408,64,747,77,988
Fall River,45,904,48,905,51,225
Faulk,58,078,68,854,80,152
Grant,51,119,58,307,63,935
Gregory,46,928,53,369,57,305
Haakon,47,567,68,305,74,530
Hamlin,44,375,52,353,57,440
Hand,53,790,66,367,75,506
Hanson,65,767,71,333,77,579
Harding,51,121,49,327,60,414
Hughes,53,823,55,955,61,666
Hutchinson,56,256,58,623,65,945
Hyde,48,738,63,924,70,095
Jackson,30,066,35,221,39,102
Jerauld,42,449,54,371,62,655
Jones,55,122,57,309,86,307
Kingsbury,55,601,66,824,70,430
Lake,57,067,64,650,69,817
Lawrence,54,648,57,791,60,510
Lincoln,69,978,73,915,77,245
Lyman,42,109,47,700,57,365
McCook,53,326,59,210,67,402
McPherson,41,577,55,802,65,047
Marshall,54,896,71,354,72,571
Meade,43,775,47,918,50,972
Mellette,31,049,35,580,43,805
Miner,47,793,58,389,65,438
Minnehaha,62,031,66,044,69,693
Moody,52,556,61,461,65,719
Oglala Lakota,26,352,30,527,34,333
Pennington,56,872,61,312,64,035
Perkins,40,031,46,484,50,692
Potter,68,426,81,156,87,031
Roberts,37,764,46,077,50,205
Sanborn,53,894,62,682,64,677
Spink,55,538,71,992,76,434
Stanley,66,010,66,966,78,300
Sully,75,293,100,044,106,241
Todd,28,052,31,093,35,663
Tripp,47,916,53,339,60,022
Turner,61,701,63,596,73,093
Union,118,994,125,786,134,811
Walworth,46,362,54,683,58,681
Yankton,51,256,54,361,59,224
Ziebach,20,352,27,459,30,532
Tennessee,49,343,52,351,56,560
Anderson,44,090,47,198,50,901
Bedford,39,243,41,608,46,083
Benton,35,071,38,021,40,963
Bledsoe,28,598,30,830,33,675
Blount,45,860,49,002,52,596
Bradley,40,228,43,319,46,409
Campbell,35,824,38,706,42,471
Cannon,37,663,40,263,44,419
Carroll,36,312,37,686,40,502
Carter,35,153,37,632,40,739
Cheatham,47,099,49,389,54,069
Chester,35,315,39,057,41,568
Claiborne,36,464,39,045,42,542
Clay,32,550,34,540,40,338
Cocke,33,984,37,322,40,384
Coffee,41,181,43,805,46,299
Crockett,42,303,44,625,49,729
Cumberland,39,092,41,720,44,295
Davidson,71,100,74,857,82,087
Decatur,43,581,45,823,48,912
DeKalb,41,954,44,606,47,634
Dickson,43,611,45,932,50,218
Dyer,42,418,46,124,51,559
Fayette,58,804,62,949,68,153
Fentress,35,093,37,450,40,402
Franklin,40,494,43,348,45,975
Gibson,39,164,42,264,46,449
Giles,38,464,40,755,43,321
Grainger,35,331,38,242,41,569
Greene,37,107,39,047,41,796
Grundy,33,628,36,609,39,349
Hamblen,38,554,41,810,45,234
Hamilton,54,475,56,545,60,089
Hancock,28,021,31,325,34,135
Hardeman,30,266,32,742,35,485
Hardin,39,199,42,352,45,053
Hawkins,35,369,38,232,41,436
Haywood,33,721,36,712,41,503
Henderson,37,644,40,776,44,357
Henry,42,710,46,773,49,852
Hickman,35,945,37,869,41,689
Houston,34,415,36,475,39,128
Humphreys,39,322,41,538,44,127
Jackson,33,366,36,084,38,953
Jefferson,38,765,41,324,44,330
Johnson,33,282,35,623,37,936
Knox,52,753,56,206,59,934
Lake,24,802,26,127,29,534
Lauderdale,32,784,36,121,39,733
Lawrence,35,784,37,678,41,310
Lewis,36,069,39,399,41,476
Lincoln,41,767,44,963,48,683
Loudon,54,449,57,594,60,642
McMinn,37,942,40,753,43,715
McNairy,33,591,35,878,38,354
Macon,33,618,35,659,39,669
Madison,43,975,47,357,51,004
Marion,40,301,43,088,46,559
Marshall,40,704,43,516,47,446
Maury,45,199,48,017,52,041
Meigs,34,639,37,645,39,452
Monroe,36,325,39,204,42,276
Montgomery,42,647,45,493,48,104
Moore,43,240,45,380,48,015
Morgan,32,561,35,188,39,005
Obion,40,375,43,488,48,493
Overton,35,018,37,812,40,959
Perry,34,491,35,934,38,404
Pickett,40,574,42,952,45,308
Polk,33,761,35,848,39,180
Putnam,41,621,44,512,47,536
Rhea,36,163,39,571,42,174
Roane,43,488,46,373,49,972
Robertson,44,306,46,519,51,097
Rutherford,43,273,45,604,49,411
Scott,31,373,34,229,37,333
Sequatchie,38,090,41,286,43,709
Sevier,43,223,46,027,49,012
Shelby,51,067,54,427,59,212
Smith,41,898,44,033,48,602
Stewart,42,737,45,248,48,205
Sullivan,44,125,47,021,50,418
Sumner,52,015,54,570,59,105
Tipton,41,866,44,778,49,219
Trousdale,31,874,33,321,36,454
Unicoi,37,049,39,632,43,044
Union,34,493,36,826,40,349
Van Buren,31,881,34,664,36,669
Warren,36,188,38,892,41,296
Washington,45,144,48,475,52,089
Wayne,30,283,33,461,35,726
Weakley,38,337,41,133,45,366
White,35,019,37,603,40,770
Williamson,95,806,99,408,107,698
Wilson,52,573,54,619,59,229
Texas,54,076,55,601,59,865
Anderson,36,532,38,898,42,444
Andrews,53,300,49,329,52,943
Angelina,40,417,42,691,46,170
Aransas,55,184,56,433,59,878
Archer,54,894,57,669,60,101
Armstrong,55,506,58,244,61,382
Atascosa,40,588,43,238,46,737
Austin,53,854,55,151,58,284
Bailey,44,309,49,655,51,709
Bandera,53,618,55,731,58,706
Bastrop,37,749,39,956,44,230
Baylor,48,504,54,941,58,779
Bee,31,593,32,880,34,738
Bell,43,781,46,459,49,405
Bexar,47,081,48,348,51,780
Blanco,60,511,63,932,66,088
Borden,77,185,71,300,101,470
Bosque,44,165,46,807,50,943
Bowie,41,563,44,597,47,792
Brazoria,51,117,53,365,56,360
Brazos,41,404,43,484,46,702
Brewster,46,357,48,670,53,014
Briscoe,45,182,45,515,58,862
Brooks,36,269,40,399,43,437
Brown,40,734,43,001,46,028
Burleson,50,401,52,934,57,482
Burnet,53,648,55,779,59,381
Caldwell,34,368,37,189,41,642
Calhoun,56,746,58,732,60,589
Callahan,45,861,48,266,50,963
Cameron,30,361,34,040,37,861
Camp,39,703,42,896,46,705
Carson,48,921,47,782,56,357
Cass,39,831,43,281,46,101
Castro,66,556,75,830,81,900
Chambers,57,391,58,687,60,591
Cherokee,37,366,40,202,43,376
Childress,33,254,36,264,39,953
Clay,46,704,49,170,51,938
Cochran,41,365,46,391,62,305
Coke,43,459,46,405,48,804
Coleman,46,813,50,458,54,822
Collin,70,813,72,218,77,006
Collingsworth,44,388,47,999,54,140
Colorado,51,419,54,702,59,219
Comal,63,236,64,164,67,063
Comanche,44,216,47,532,50,112
Concho,31,497,34,970,38,635
Cooke,53,372,55,863,59,800
Coryell,32,816,35,113,37,476
Cottle,53,393,61,049,73,613
Crane,54,198,49,986,54,119
Crockett,52,168,53,533,57,013
Crosby,41,098,45,362,52,897
Culberson,57,475,66,079,71,297
Dallam,64,391,68,821,70,511
Dallas,64,488,66,125,72,218
Dawson,40,633,43,888,46,139
Deaf Smith,50,626,55,258,60,615
Delta,41,006,44,449,47,471
Denton,62,252,64,434,68,773
DeWitt,60,771,59,557,66,916
Dickens,40,807,46,630,50,869
Dimmit,49,033,50,347,55,771
Donley,44,711,46,722,50,574
Duval,43,378,47,167,51,887
Eastland,67,745,59,608,66,400
Ector,52,948,49,351,53,610
Edwards,62,452,73,295,73,981
Ellis,47,591,49,456,53,393
El Paso,37,894,40,768,44,064
Erath,42,446,44,773,46,906
Falls,36,678,40,389,43,658
Fannin,41,009,42,843,46,449
Fayette,59,756,61,840,65,339
Fisher,46,330,48,931,57,245
Floyd,44,395,44,760,53,292
Foard,48,955,54,722,61,279
Fort Bend,63,261,63,012,65,797
Franklin,44,331,47,316,51,926
Freestone,39,140,40,983,44,014
Frio,33,917,35,893,39,898
Gaines,45,865,47,535,50,616
Galveston,55,995,57,087,60,071
Garza,33,543,32,829,36,426
Gillespie,69,396,73,481,78,039
Glasscock,116,639,110,206,124,963
Goliad,51,154,52,404,55,947
Gonzales,48,605,49,879,57,578
Gray,44,949,46,632,49,815
Grayson,45,771,48,260,52,055
Gregg,47,616,49,827,52,958
Grimes,37,881,39,626,41,914
Guadalupe,47,156,49,296,52,190
Hale,36,347,39,454,43,543
Hall,34,368,38,506,48,706
Hamilton,68,903,72,264,77,672
Hansford,65,541,68,396,77,093
Hardeman,47,727,51,245,54,847
Hardin,49,402,50,697,52,544
Harris,60,566,61,643,65,869
Harrison,43,516,44,884,47,928
Hartley,74,916,76,075,75,790
Haskell,47,449,48,768,54,321
Hays,48,754,51,359,56,097
Hemphill,68,610,69,936,75,731
Henderson,42,660,44,938,48,594
Hidalgo,28,256,31,342,34,503
Hill,43,673,46,134,49,968
Hockley,45,384,48,966,52,586
Hood,55,491,57,625,60,912
Hopkins,43,351,46,014,50,272
Houston,42,259,45,960,48,835
Howard,46,684,46,964,51,007
Hudspeth,34,986,39,393,42,500
Hunt,40,828,43,345,46,801
Hutchinson,43,542,46,443,50,130
Irion,73,308,72,474,78,988
Jack,42,127,43,260,45,263
Jackson,47,992,47,949,51,971
Jasper,44,267,46,809,49,475
Jeff Davis,49,532,53,670,59,302
Jefferson,43,650,45,749,48,243
Jim Hogg,36,197,39,153,43,336
Jim Wells,43,512,47,267,50,892
Johnson,45,041,47,724,51,619
Jones,33,876,35,575,38,914
Karnes,65,460,63,098,73,144
Kaufman,44,362,46,288,49,494
Kendall,92,914,93,875,96,628
Kenedy,43,786,45,009,47,141
Kent,51,451,50,963,55,725
Kerr,54,721,57,402,61,401
Kimble,48,015,50,931,54,345
King,86,359,82,589,91,930
Kinney,36,759,40,219,42,929
Kleberg,40,550,42,083,45,818
Knox,42,658,46,817,50,320
Lamar,43,454,46,767,50,699
Lamb,45,345,49,815,54,689
Lampasas,52,701,55,465,58,507
La Salle,46,332,45,909,52,652
Lavaca,56,955,58,629,62,375
Lee,54,789,54,663,56,674
Leon,45,690,48,364,53,179
Liberty,38,998,40,839,42,813
Limestone,40,347,42,949,47,439
Lipscomb,88,722,94,821,102,569
Live Oak,40,618,42,590,46,134
Llano,54,046,56,744,59,689
Loving,108,522,96,194,115,158
Lubbock,45,696,47,931,50,881
Lynn,46,708,43,995,58,496
McCulloch,39,901,42,301,45,744
McLennan,42,601,45,808,49,512
McMullen,94,047,89,304,110,273
Madison,34,029,36,888,40,859
Marion,42,643,43,840,47,582
Martin,78,790,73,094,84,121
Mason,50,721,52,617,57,094
Matagorda,45,851,47,528,50,775
Maverick,32,537,35,436,38,448
Medina,44,514,46,766,50,076
Menard,41,428,44,122,47,390
Midland,143,945,110,378,126,738
Milam,38,124,41,208,45,286
Mills,43,994,49,340,51,712
Mitchell,33,045,33,486,35,417
Montague,42,669,43,419,45,716
Montgomery,65,882,66,440,68,974
Moore,46,943,50,379,56,634
Morris,41,319,44,101,47,226
Motley,36,022,41,872,41,754
Nacogdoches,39,665,42,073,46,246
Navarro,39,544,41,872,45,616
Newton,38,416,40,957,43,123
Nolan,45,680,47,428,52,629
Nueces,47,242,49,149,52,852
Ochiltree,58,559,55,494,64,247
Oldham,63,100,67,945,72,126
Orange,45,318,46,968,48,912
Palo Pinto,45,246,47,649,52,042
Panola,48,801,48,646,53,292
Parker,58,675,61,317,65,358
Parmer,50,187,55,989,63,512
Pecos,41,260,41,006,43,661
Polk,43,617,45,815,47,994
Potter,47,392,51,883,55,764
Presidio,50,154,55,514,61,776
Rains,36,781,38,962,41,563
Randall,50,321,53,165,56,381
Reagan,58,618,56,424,61,077
Real,46,008,52,249,55,449
Red River,45,699,49,198,53,818
Reeves,51,257,48,054,52,811
Refugio,47,999,49,471,54,475
Roberts,50,589,53,413,56,868
Robertson,44,992,47,569,52,894
Rockwall,65,526,66,943,70,833
Runnels,44,855,46,861,51,307
Rusk,39,860,41,911,44,874
Sabine,38,759,42,290,44,900
San Augustine,45,260,45,510,50,573
San Jacinto,41,707,43,626,46,477
San Patricio,45,892,47,470,51,392
San Saba,44,005,41,586,43,735
Schleicher,46,929,49,660,51,775
Scurry,44,591,44,706,47,138
Shackelford,96,159,88,578,93,075
Shelby,43,354,47,107,54,640
Sherman,99,946,95,726,122,945
Smith,56,639,55,832,60,284
Somervell,48,387,50,951,54,826
Starr,27,516,31,511,34,933
Stephens,45,589,45,360,48,498
Sterling,60,248,59,869,65,866
Stonewall,61,771,66,772,73,182
Sutton,71,242,64,619,68,431
Swisher,56,920,59,169,72,623
Tarrant,52,823,54,554,58,940
Taylor,47,295,51,172,58,316
Terrell,47,492,56,833,63,481
Terry,38,147,42,626,45,353
Throckmorton,43,729,44,690,69,390
Titus,39,180,43,404,48,007
Tom Green,52,033,55,927,59,877
Travis,73,299,73,982,81,708
Trinity,41,668,44,332,47,101
Tyler,36,234,39,764,41,613
Upshur,39,605,40,755,43,308
Upton,51,233,55,500,61,595
Uvalde,44,957,48,807,53,257
Val Verde,39,906,42,532,46,642
Van Zandt,39,470,41,673,45,045
Victoria,53,174,54,194,58,479
Walker,30,157,31,523,33,345
Waller,45,670,47,291,49,404
Ward,56,395,49,543,55,099
Washington,55,865,59,063,61,295
Webb,34,757,37,273,40,850
Wharton,46,646,48,423,52,948
Wheeler,43,274,46,553,49,906
Wichita,45,009,47,089,50,210
Wilbarger,51,145,53,397,59,952
Willacy,29,395,32,960,37,792
Williamson,54,444,57,236,62,931
Wilson,50,561,52,093,55,762
Winkler,66,674,60,555,66,180
Wise,47,794,50,376,53,871
Wood,42,156,44,730,47,546
Yoakum,48,623,49,127,51,954
Young,52,250,53,806,58,602
Zapata,29,858,29,865,33,288
Zavala,36,521,40,043,43,868
Utah,48,580,52,225,56,019
Beaver,36,202,43,658,46,960
Box Elder,38,927,42,295,45,456
Cache,41,127,43,253,47,269
Carbon,40,448,42,848,45,120
Daggett,48,695,50,894,51,672
Davis,47,468,50,820,54,820
Duchesne,38,842,41,279,42,903
Emery,35,160,39,031,40,871
Garfield,39,440,43,010,50,209
Grand,58,920,63,115,69,832
Iron,33,840,36,533,38,834
Juab,39,419,43,485,48,060
Kane,42,444,46,840,49,842
Millard,38,283,40,959,44,281
Morgan,54,976,58,768,63,256
Piute,46,797,48,017,49,233
Rich,39,231,41,668,43,280
Salt Lake,53,472,58,028,62,547
San Juan,29,299,32,289,34,038
Sanpete,32,845,36,656,39,139
Sevier,36,186,39,370,41,983
Summit,164,980,174,010,183,972
Tooele,39,109,42,321,46,131
Uintah,32,029,33,201,35,128
Utah,44,079,47,232,50,661
Wasatch,63,088,66,591,71,360
Washington,42,732,45,178,47,162
Wayne,45,183,50,067,52,647
Weber,43,032,46,230,49,857
Vermont,55,442,59,296,61,882
Addison,53,670,57,156,59,540
Bennington,54,828,58,349,61,287
Caledonia,43,758,48,202,50,533
Chittenden,61,686,65,123,67,921
Essex,41,733,45,107,48,120
Franklin,49,217,52,392,54,756
Grand Isle,64,765,67,532,70,543
Lamoille,55,262,59,543,62,305
Orange,49,622,53,314,55,573
Orleans,45,632,49,879,51,960
Rutland,52,313,56,160,57,831
Washington,59,995,65,375,67,529
Windham,49,643,53,569,55,841
Windsor,61,443,65,431,69,523
Virginia,59,073,62,189,66,305
Accomack,48,224,51,730,57,520
Amelia,43,703,46,379,50,973
Amherst,38,200,41,218,44,051
Appomattox,39,235,41,944,44,943
Arlington,97,629,100,687,107,603
Bath,64,918,68,508,72,157
Bedford,48,174,51,062,53,861
Bland,37,470,39,734,42,820
Botetourt,51,755,54,534,57,997
Brunswick,33,612,37,119,40,151
Buchanan,37,586,40,138,44,003
Buckingham,31,098,33,666,37,220
Caroline,43,232,46,568,49,650
Charles City,49,966,54,456,58,882
Charlotte,36,525,39,448,43,870
Chesterfield,54,866,57,829,61,200
Clarke,68,329,71,331,75,403
Craig,40,988,43,959,47,457
Culpeper,49,181,52,016,55,336
Cumberland,39,342,42,229,47,040
Dickenson,33,821,37,442,41,437
Essex,43,817,47,839,51,780
Fauquier,71,845,74,649,78,810
Floyd,40,313,43,470,47,376
Fluvanna,46,851,49,775,53,612
Franklin,44,047,47,241,50,264
Giles,40,611,43,685,48,098
Gloucester,49,305,52,410,55,944
Goochland,104,892,106,031,110,781
Grayson,32,497,35,407,38,600
Greene,45,027,47,440,51,152
Halifax,36,761,39,923,43,557
Hanover,61,617,65,636,68,934
Henrico,68,826,69,938,74,650
Highland,43,656,45,690,50,196
Isle of Wight,55,640,58,819,63,005
King and Queen,47,278,51,891,55,935
King George,56,280,59,255,62,077
King William,47,526,50,309,53,900
Lancaster,62,479,66,366,70,474
Lee,31,270,34,950,38,300
Loudoun,82,681,85,568,90,254
Louisa,44,759,47,474,50,089
Lunenburg,33,635,36,859,40,149
Madison,48,543,51,692,55,148
Mathews,59,904,62,724,66,906
Mecklenburg,37,981,41,430,46,019
Middlesex,53,640,56,167,59,146
Nelson,54,067,58,929,63,085
New Kent,82,110,85,427,90,086
Northampton,54,353,59,199,63,928
Northumberland,57,424,60,588,63,005
Nottoway,34,437,37,229,42,851
Orange,52,574,55,369,57,849
Page,39,449,42,618,47,157
Patrick,33,781,36,637,39,564
Powhatan,61,060,63,724,67,031
Prince Edward,33,504,36,074,38,883
Pulaski,39,965,43,597,47,174
Rappahannock,69,525,72,056,76,181
Richmond,38,119,42,137,44,749
Russell,34,512,37,141,40,061
Scott,33,546,36,009,39,583
Shenandoah,46,388,49,839,53,753
Smyth,37,421,40,617,44,740
Stafford,56,078,58,744,62,954
Surry,43,176,46,775,51,892
Sussex,32,146,35,242,39,243
Tazewell,37,901,40,339,43,786
Warren,47,404,50,644,54,290
Westmoreland,44,800,47,863,50,190
Wythe,36,422,39,930,43,593
Independent cities:
Alexandria,88,972,93,108,100,017
Chesapeake,49,752,53,130,56,742
Hampton,41,827,45,516,49,233
Newport News,40,133,44,072,47,448
Norfolk,40,294,43,062,46,923
Portsmouth,39,585,43,752,47,944
Richmond,58,813,63,989,68,048
Roanoke,42,079,46,550,50,599
Suffolk,51,911,55,246,59,309
Virginia Beach,56,876,60,069,63,942
Combination areas3:
Albemarle + Charlottesville,77,844,80,244,85,867
Alleghany + Covington,39,399,42,138,45,094
Augusta, Staunton + Waynesboro,45,236,48,204,51,965
Campbell + Lynchburg,38,359,41,882,44,577
Carroll + Galax,36,398,39,746,43,247
Dinwiddie, Colonial Heights + Petersburg,39,136,43,262,47,335
Fairfax, Fairfax City + Falls Church,86,629,89,397,94,677
Frederick + Winchester,52,423,55,430,59,016
Greensville + Emporia,31,511,35,151,39,397
Henry + Martinsville,38,848,42,712,46,758
James City + Williamsburg,65,115,68,579,71,981
Montgomery + Radford,38,352,40,315,43,778
Pittsylvania + Danville,37,471,41,198,44,894
Prince George + Hopewell,36,295,39,184,42,377
Prince William, Manassas + Manassas Park,55,638,59,000,62,810
Roanoke + Salem,51,237,54,059,57,434
Rockbridge, Buena Vista + Lexington,41,494,43,860,46,700
Rockingham + Harrisonburg,40,770,43,425,47,217
Southampton + Franklin,42,470,46,036,49,843
Spotsylvania + Fredericksburg,52,502,55,800,59,414
Washington + Bristol,40,673,43,591,47,310
Wise + Norton,34,142,37,172,40,768
York + Poquoson,59,960,62,547,66,561
Washington,64,189,68,350,73,775
Adams,40,526,45,040,47,867
Asotin,48,040,51,453,55,564
Benton,48,522,51,895,54,958
Chelan,54,288,59,082,62,792
Clallam,48,024,51,690,54,894
Clark,55,543,58,629,63,427
Columbia,57,520,65,425,70,579
Cowlitz,46,108,49,882,54,550
Douglas,41,616,45,899,49,290
Ferry,38,465,44,164,46,847
Franklin,39,324,42,756,45,937
Garfield,50,341,56,479,56,792
Grant,40,839,46,331,48,845
Grays Harbor,40,717,44,125,47,094
Island,56,646,60,419,65,188
Jefferson,54,524,57,847,60,365
King,95,083,99,734,108,212
Kitsap,58,290,62,308,67,845
Kittitas,47,000,50,624,52,846
Klickitat,49,847,53,026,55,602
Lewis,44,310,48,320,52,517
Lincoln,45,756,50,879,51,578
Mason,45,120,48,488,52,410
Okanogan,42,429,47,732,50,517
Pacific,41,078,43,968,46,597
Pend Oreille,44,448,48,116,51,623
Pierce,52,389,56,467,61,580
San Juan,81,070,84,496,87,038
Skagit,54,843,58,996,64,093
Skamania,50,414,54,042,58,554
Snohomish,58,706,63,477,68,858
Spokane,46,117,49,634,53,770
Stevens,40,255,43,570,47,613
Thurston,52,297,56,527,61,062
Wahkiakum,45,523,48,982,52,239
Walla Walla,46,483,50,520,53,845
Whatcom,51,683,54,927,58,137
Whitman,40,744,44,226,46,502
Yakima,43,208,47,315,50,872
West Virginia,42,951,45,240,48,488
Barbour,35,788,38,258,40,576
Berkeley,44,030,46,686,49,759
Boone,35,464,38,831,41,910
Braxton,36,234,39,143,41,547
Brooke,43,210,46,858,50,271
Cabell,43,680,46,506,49,866
Calhoun,35,162,38,841,41,444
Clay,33,901,36,743,39,788
Doddridge,33,526,35,077,37,685
Fayette,38,436,40,745,44,136
Gilmer,31,784,33,344,35,405
Grant,39,374,42,713,45,643
Greenbrier,41,459,44,179,47,283
Hampshire,38,321,40,634,43,618
Hancock,43,244,46,145,49,823
Hardy,34,343,36,312,40,562
Harrison,51,627,53,339,57,205
Jackson,40,190,42,681,45,681
Jefferson,53,184,55,879,59,214
Kanawha,49,159,52,256,55,897
Lewis,40,035,40,991,43,341
Lincoln,31,954,34,704,37,139
Logan,37,531,40,353,43,764
McDowell,28,919,31,221,34,141
Marion,43,460,45,569,48,343
Marshall,42,578,43,761,47,456
Mason,36,236,39,138,42,126
Mercer,38,251,41,102,44,564
Mineral,42,607,45,398,48,155
Mingo,33,117,34,489,37,396
Monongalia,48,091,49,890,52,576
Monroe,35,289,38,094,41,207
Morgan,38,901,41,709,44,779
Nicholas,35,542,38,165,40,915
Ohio,59,962,57,177,61,486
Pendleton,42,191,45,054,50,144
Pleasants,43,634,45,123,49,077
Pocahontas,42,925,47,166,50,236
Preston,37,367,39,956,42,091
Putnam,48,218,50,355,53,536
Raleigh,42,917,43,888,47,265
Randolph,39,581,42,982,45,453
Ritchie,45,010,48,184,52,040
Roane,34,699,37,521,39,963
Summers,36,895,39,250,42,796
Taylor,42,680,43,876,47,328
Tucker,44,161,48,388,52,251
Tyler,42,765,43,944,47,802
Upshur,36,416,38,085,40,187
Wayne,35,735,37,986,41,080
Webster,29,405,32,667,34,564
Wetzel,38,292,39,949,43,357
Wirt,35,094,37,662,40,858
Wood,46,670,48,212,52,329
Wyoming,29,637,31,806,34,881
Wisconsin,52,893,55,941,59,626
Adams,41,638,44,057,46,002
Ashland,40,816,43,493,46,418
Barron,50,289,53,375,56,898
Bayfield,48,197,50,826,53,902
Brown,53,415,56,305,59,279
Buffalo,45,734,49,202,53,031
Burnett,43,464,46,226,49,108
Calumet,51,380,54,031,57,182
Chippewa,46,990,50,185,53,415
Clark,43,073,47,575,50,128
Columbia,52,934,56,566,60,708
Crawford,43,205,46,612,49,273
Dane,63,668,66,677,71,062
Dodge,45,199,47,937,51,287
Door,61,746,64,481,68,172
Douglas,44,172,46,003,49,872
Dunn,41,558,44,970,47,673
Eau Claire,49,605,52,528,55,693
Florence,59,645,58,794,64,600
Fond du Lac,49,996,53,124,56,378
Forest,41,617,44,154,46,139
Grant,44,992,48,773,51,761
Green,52,723,56,263,60,240
Green Lake,44,772,47,046,49,311
Iowa,50,155,53,878,57,445
Iron,47,623,50,558,52,673
Jackson,44,994,48,041,49,697
Jefferson,47,726,50,624,53,863
Juneau,40,189,42,982,46,040
Kenosha,49,153,52,452,57,085
Kewaunee,48,091,52,271,54,422
La Crosse,51,477,54,603,58,301
Lafayette,43,860,48,962,52,194
Langlade,44,264,48,118,51,008
Lincoln,45,879,49,098,51,407
Manitowoc,47,097,50,242,53,085
Marathon,52,045,55,055,58,096
Marinette,45,231,47,829,51,265
Marquette,43,032,45,977,47,885
Menominee,36,500,39,554,43,212
Milwaukee,48,239,51,567,55,927
Monroe,42,543,46,451,49,000
Oconto,47,656,50,519,53,114
Oneida,50,147,53,044,55,861
Outagamie,52,828,55,492,58,622
Ozaukee,85,018,87,897,92,719
Pepin,49,977,54,569,57,620
Pierce,48,704,51,123,54,429
Polk,47,004,49,919,52,885
Portage,47,721,50,872,53,435
Price,45,085,48,014,51,148
Racine,50,274,53,005,56,884
Richland,44,285,48,132,50,749
Rock,45,883,49,129,52,787
Rusk,44,793,48,208,51,844
St. Croix,57,706,59,997,63,800
Sauk,52,788,56,206,60,631
Sawyer,45,047,47,325,50,445
Shawano,44,022,47,291,49,746
Sheboygan,52,696,55,282,58,425
Taylor,42,940,47,580,49,783
Trempealeau,43,745,46,772,49,712
Vernon,42,487,45,812,49,116
Vilas,53,083,53,617,56,041
Walworth,51,483,54,477,58,208
Washburn,47,441,50,819,53,835
Washington,59,788,62,434,66,103
Waukesha,74,733,77,667,82,032
Waupaca,46,452,49,358,52,622
Waushara,41,912,44,479,46,929
Winnebago,49,145,51,751,55,202
Wood,47,395,50,185,53,122
Wyoming,64,117,65,782,69,666
Albany,42,955,46,056,48,528
Big Horn,40,898,45,433,47,259
Campbell,53,876,54,040,56,008
Carbon,58,619,62,318,64,804
Converse,69,603,68,246,69,583
Crook,48,636,49,756,51,825
Fremont,46,798,49,268,51,452
Goshen,45,141,47,900,50,633
Hot Springs,61,472,75,185,78,817
Johnson,56,585,58,260,61,294
Laramie,53,181,54,959,58,646
Lincoln,49,329,54,847,61,945
Natrona,69,791,67,229,70,175
Niobrara,45,633,50,469,53,797
Park,60,645,62,495,65,944
Platte,51,705,51,050,53,368
Sheridan,59,932,61,749,64,449
Sublette,61,618,62,780,65,620
Sweetwater,56,619,55,188,56,934
Teton,278,682,290,674,318,297
Uinta,41,297,42,704,44,157
Washakie,51,388,57,228,60,235
Weston,46,281,47,499,49,526